N,P,K,ph,crop
85.7,20.25,60.73,6.85,muskmelon
92.74,46.02,40.61,6.68,watermelon
36.05,76.23,43.12,6.91,papaya
49.14,54.62,37.87,8.05,papaya
41.55,126.32,207.44,5.11,apple
34.28,24.38,30.98,6.41,mango
25.64,129.44,188.55,6.96,apple
34.08,48.98,24.85,6.05,mothbeans
15.97,45.92,1.02,6.6,mungbean
28.02,75.74,31.28,6.83,lentil
33.22,67.47,22.08,7.34,blackgram
14.6,2.53,6.26,6.47,coconut
26.62,9.39,32.68,5.88,pomegranate
89.55,41.32,44.08,6.73,jute
43.62,5.35,19.77,5.75,coconut
31.36,33.44,38.62,6.23,pomegranate
22.55,134.73,196.78,5.87,apple
103.98,51.63,18.33,5.35,maize
59.59,69.46,57.67,6.98,papaya
100.28,16.46,51.78,6.4,muskmelon
89.32,28.31,35.18,6.57,coffee
43.6,56.63,64.78,6.9,papaya
36.22,15.7,2.14,7.05,orange
56.78,59.53,46.66,7.09,papaya
35.1,72.52,77.96,7.68,chickpea
61.15,37.75,52.69,6.5,jute
22.81,57.09,19.12,7.22,mungbean
20.73,9.13,0.0,7.0,orange
14.62,79.09,9.36,5.6,pigeonpeas
84.31,30.73,37.13,6.24,rice
27.68,17.5,36.81,6.32,pomegranate
32.89,40.02,26.11,7.15,mothbeans
90.24,50.18,36.26,7.23,jute
7.71,62.89,16.63,6.23,lentil
90.63,28.57,32.59,7.4,jute
39.06,67.41,29.37,7.04,blackgram
71.63,39.69,31.26,6.31,jute
20.41,57.58,82.27,6.4,chickpea
42.79,60.88,66.23,7.55,chickpea
12.88,57.04,22.56,4.75,kidneybeans
45.22,46.78,58.76,6.93,papaya
16.8,22.42,24.07,6.49,mango
31.1,87.51,16.84,6.65,blackgram
89.06,53.48,14.77,5.36,maize
26.62,28.9,19.8,7.21,mungbean
77.43,55.14,15.65,6.01,maize
13.22,57.87,21.7,6.1,pigeonpeas
12.58,22.67,25.76,5.6,coconut
102.86,36.27,54.83,6.47,muskmelon
54.66,45.03,22.35,6.35,maize
45.8,68.24,11.1,6.89,blackgram
108.9,16.27,51.88,5.83,coffee
24.8,117.86,199.51,5.95,grapes
26.16,52.55,12.29,7.32,mungbean
102.8,16.73,41.62,6.2,coffee
12.75,86.13,34.67,5.11,kidneybeans
112.58,60.17,7.71,7.71,cotton
20.38,137.55,199.67,5.58,apple
105.95,81.29,64.08,6.51,banana
34.32,84.0,24.85,7.42,blackgram
110.96,48.3,59.59,7.21,watermelon
18.62,16.65,22.81,5.64,coconut
30.08,61.3,28.44,6.47,lentil
27.11,8.95,8.28,7.46,orange
48.64,52.37,58.38,6.35,papaya
17.82,78.25,20.4,5.27,pigeonpeas
21.18,9.89,5.02,7.23,orange
66.77,46.43,42.96,6.88,rice
102.44,22.66,62.06,5.8,muskmelon
27.62,61.37,32.22,4.54,pigeonpeas
113.42,28.45,36.06,6.34,muskmelon
26.67,0.0,40.89,6.6,coconut
80.15,54.6,33.27,6.11,jute
108.95,83.71,30.11,6.55,banana
50.96,80.65,18.81,8.52,blackgram
58.2,60.16,50.78,6.7,papaya
91.75,76.89,46.13,4.9,banana
125.42,41.93,14.03,6.3,cotton
102.36,43.92,49.24,5.4,watermelon
29.65,25.19,15.1,7.76,orange
99.27,29.94,40.48,6.43,coffee
48.51,38.69,85.43,7.01,chickpea
84.97,27.74,60.93,6.92,rice
32.59,39.53,26.75,6.48,mothbeans
33.6,4.53,10.82,6.98,orange
23.23,34.57,28.79,6.77,mango
103.76,20.47,20.53,5.72,coffee
26.83,54.01,8.18,5.41,mothbeans
33.35,66.68,22.01,6.8,blackgram
18.8,0.0,42.96,6.39,pomegranate
76.2,61.64,25.15,6.56,maize
9.89,37.53,24.38,6.51,mothbeans
135.96,56.78,6.88,6.73,cotton
64.46,56.8,56.26,6.59,papaya
26.4,80.13,22.67,5.36,pigeonpeas
24.87,50.34,20.13,6.9,mothbeans
29.67,64.47,16.74,5.02,kidneybeans
103.14,35.31,44.96,6.49,coffee
48.43,77.12,0.0,6.38,blackgram
21.2,75.04,35.71,6.72,lentil
22.43,11.66,0.0,4.91,coconut
67.24,33.45,32.78,6.51,rice
42.3,28.66,19.5,7.96,orange
98.27,19.39,47.25,6.56,muskmelon
109.55,49.34,49.66,6.99,watermelon
18.98,74.54,15.08,5.97,kidneybeans
90.03,20.77,26.45,6.59,watermelon
122.77,92.03,45.58,6.09,banana
25.77,78.47,0.0,4.95,pigeonpeas
36.43,39.87,16.94,6.79,mothbeans
102.53,87.65,41.91,5.78,banana
68.7,59.61,49.06,6.22,jute
102.71,47.86,32.45,7.82,cotton
5.73,17.5,43.21,5.37,pomegranate
14.93,60.25,13.58,5.53,pigeonpeas
31.67,76.71,74.04,7.97,chickpea
65.04,52.65,25.38,6.32,maize
25.81,14.43,20.19,6.01,coconut
25.27,10.64,30.33,5.47,pomegranate
75.38,43.85,43.52,6.09,rice
12.74,56.79,34.25,6.29,pigeonpeas
20.22,151.01,197.79,7.5,grapes
42.99,70.24,35.01,7.09,blackgram
33.83,11.94,28.46,5.5,coconut
49.48,52.69,78.49,7.63,chickpea
36.03,70.22,21.54,6.82,blackgram
10.77,12.35,44.44,5.05,coconut
87.28,32.34,16.9,6.14,maize
96.04,61.0,46.22,5.76,banana
25.77,55.73,5.14,6.36,mothbeans
84.58,85.57,38.08,6.06,banana
23.02,70.53,16.05,5.62,kidneybeans
18.7,23.22,49.83,5.19,pomegranate
59.05,70.12,70.45,8.06,chickpea
17.26,14.95,18.94,6.14,coconut
9.86,1.44,15.83,6.63,orange
16.16,66.36,29.61,5.72,pigeonpeas
85.57,78.19,42.48,5.76,banana
111.08,94.05,64.08,6.97,banana
40.89,131.96,194.29,5.71,apple
8.16,75.77,11.32,6.29,kidneybeans
105.23,18.49,70.18,7.26,muskmelon
1.39,44.85,13.15,6.89,mungbean
13.37,51.94,29.43,6.41,mothbeans
40.62,29.49,31.49,6.43,coconut
71.95,54.37,17.14,6.08,maize
20.47,126.91,191.69,5.64,apple
18.94,5.66,33.38,5.88,coconut
29.99,63.22,29.63,5.6,kidneybeans
11.06,51.19,10.97,7.02,mothbeans
35.76,64.07,28.24,7.15,mungbean
11.53,61.79,21.36,6.39,lentil
85.64,42.13,55.05,6.71,watermelon
10.92,46.27,17.6,6.59,mungbean
22.88,62.19,0.47,5.11,pigeonpeas
4.99,76.09,27.25,5.59,pigeonpeas
17.19,82.62,3.74,5.74,pigeonpeas
11.2,79.33,26.52,5.78,kidneybeans
64.18,50.58,9.59,5.43,maize
85.46,40.67,30.96,5.57,jute
22.96,63.17,77.23,7.13,chickpea
21.47,126.99,202.09,6.28,apple
28.37,25.74,0.0,7.2,orange
126.51,21.79,18.54,7.54,cotton
86.31,29.64,43.42,6.92,rice
19.55,25.08,32.2,5.26,coconut
23.96,135.4,212.2,7.12,grapes
34.44,62.76,9.57,6.7,lentil
92.01,37.0,36.7,6.69,watermelon
18.54,123.07,189.78,5.89,grapes
35.84,146.96,208.25,6.13,grapes
29.14,68.28,17.1,6.68,blackgram
13.71,21.03,28.16,6.26,pomegranate
42.73,81.63,76.63,7.38,chickpea
26.2,14.03,35.25,5.6,coconut
59.69,42.79,0.0,6.5,maize
9.47,75.64,19.47,6.68,lentil
22.57,130.39,178.73,5.16,grapes
108.26,41.95,59.43,6.84,watermelon
86.82,44.23,38.33,6.33,jute
100.46,43.51,18.98,6.98,coffee
97.26,18.82,43.09,7.64,coffee
26.62,80.29,6.4,5.88,kidneybeans
57.32,55.8,54.72,6.21,jute
16.22,58.68,22.77,7.0,mothbeans
10.99,69.29,21.81,5.59,kidneybeans
100.92,80.54,50.31,4.98,banana
27.96,65.35,23.3,5.45,kidneybeans
27.39,11.47,26.69,6.01,coconut
48.89,35.45,60.61,6.75,papaya
59.87,69.87,54.11,7.7,papaya
15.42,67.21,14.86,6.57,mungbean
25.13,30.63,43.21,6.56,mango
11.53,24.32,58.5,6.35,pomegranate
91.17,42.59,56.12,6.54,watermelon
26.5,79.46,5.73,6.16,kidneybeans
69.48,50.35,15.41,5.46,maize
0.0,136.44,198.81,6.07,apple
43.06,67.1,15.34,6.51,blackgram
46.67,72.08,84.45,6.49,chickpea
17.71,138.09,200.73,5.69,grapes
11.12,130.22,195.22,6.36,grapes
107.13,95.38,61.18,5.82,banana
87.98,39.11,26.29,6.29,cotton
86.79,50.66,69.05,5.71,rice
26.06,15.68,13.75,7.22,pomegranate
4.78,58.48,20.9,6.22,mungbean
94.34,101.94,55.01,4.87,banana
118.26,63.07,55.66,6.13,jute
9.82,49.45,19.44,7.66,mungbean
78.92,38.3,15.59,5.95,maize
28.89,70.29,84.33,6.8,chickpea
34.22,71.97,94.42,7.06,chickpea
55.61,72.48,82.03,7.07,chickpea
28.19,107.33,211.31,5.5,apple
77.25,41.3,44.35,6.62,rice
36.84,71.39,6.09,5.92,kidneybeans
61.72,66.67,59.97,7.02,papaya
111.66,30.07,29.0,5.59,coffee
45.12,70.11,8.38,6.51,blackgram
20.97,76.16,12.75,5.87,kidneybeans
23.11,25.4,19.97,6.02,mango
24.31,28.49,23.77,5.77,mango
13.49,14.92,27.95,6.37,coconut
52.5,65.3,35.45,6.31,papaya
15.63,117.39,188.4,6.4,apple
36.2,84.47,84.85,7.89,chickpea
7.53,8.94,28.77,6.16,pomegranate
44.79,69.31,89.74,7.94,chickpea
96.68,15.12,49.79,6.89,muskmelon
12.93,132.64,189.63,6.63,apple
100.44,15.7,49.63,8.1,muskmelon
106.59,7.07,50.26,6.02,muskmelon
28.87,31.38,31.52,6.53,mango
27.58,22.23,20.6,6.16,mango
128.75,45.62,19.51,6.53,cotton
32.99,3.7,21.38,5.31,coconut
38.22,31.87,37.44,6.44,pomegranate
81.17,31.87,61.29,7.31,rice
103.78,17.2,61.18,6.57,muskmelon
113.77,40.28,32.32,6.71,coffee
59.51,72.57,41.09,6.14,papaya
6.93,37.22,9.1,6.38,mothbeans
75.14,66.21,29.52,6.26,maize
17.53,20.22,39.92,6.33,mango
106.92,22.84,49.89,6.83,muskmelon
20.53,60.25,0.0,4.6,pigeonpeas
38.22,41.58,19.58,6.17,mungbean
103.03,9.97,1.5,6.81,coffee
21.28,127.05,185.64,6.06,grapes
38.67,32.97,40.79,7.36,coconut
117.83,36.95,23.77,5.73,cotton
19.83,53.58,24.15,6.15,pigeonpeas
78.09,39.59,40.0,6.92,rice
9.99,130.19,188.45,5.41,apple
20.68,5.84,40.56,5.69,pomegranate
121.54,19.76,27.02,7.26,coffee
43.96,68.06,91.88,6.75,chickpea
115.13,48.68,14.2,6.47,cotton
91.79,41.88,46.67,6.01,jute
14.83,2.62,37.99,5.55,mango
86.43,72.0,82.71,5.25,banana
29.21,45.51,62.91,6.6,papaya
28.77,136.29,212.33,6.74,apple
36.64,76.66,86.77,7.2,chickpea
70.95,38.37,43.28,6.15,rice
7.8,67.09,27.47,4.64,pigeonpeas
24.66,50.24,30.34,5.91,mothbeans
29.8,49.49,34.11,6.24,mungbean
68.1,29.86,37.86,6.45,jute
7.38,26.39,33.64,5.68,pomegranate
17.14,118.85,189.57,5.96,grapes
36.9,52.89,11.34,6.75,mothbeans
65.73,37.68,29.95,6.1,jute
69.12,62.04,24.71,5.54,maize
12.63,5.63,28.33,6.1,coconut
76.3,67.97,15.21,6.12,maize
31.38,69.21,84.95,6.74,chickpea
110.64,68.72,61.19,6.17,banana
87.93,30.97,50.13,7.24,rice
28.51,0.0,32.14,4.48,coconut
59.36,28.73,36.48,6.76,jute
29.86,32.01,55.21,6.8,mango
87.39,19.27,46.23,6.38,muskmelon
28.77,143.53,215.51,5.51,apple
121.99,95.83,52.04,6.08,banana
0.0,58.59,28.61,5.21,pigeonpeas
20.84,68.2,30.6,7.07,blackgram
9.05,23.86,0.0,7.38,orange
28.61,49.19,86.2,6.71,chickpea
83.74,47.25,56.71,6.69,watermelon
106.35,78.96,69.5,6.24,banana
9.03,122.2,210.07,7.04,apple
42.53,73.56,74.99,6.62,chickpea
107.32,13.52,29.41,7.1,coffee
21.46,65.86,8.83,5.07,pigeonpeas
23.16,5.14,5.26,7.13,orange
29.64,128.4,201.45,5.88,apple
21.34,4.72,28.51,5.99,coconut
45.01,51.43,47.38,6.41,papaya
87.12,46.92,50.05,6.13,watermelon
0.0,42.76,25.79,7.23,mothbeans
58.41,59.34,44.53,6.32,papaya
37.98,60.48,67.65,7.94,chickpea
4.39,28.9,27.21,5.67,pomegranate
24.64,76.24,92.42,6.67,chickpea
46.01,78.55,55.71,7.6,papaya
3.47,65.39,26.93,6.44,lentil
32.01,143.88,190.16,5.58,apple
1.52,16.21,31.68,5.2,pomegranate
35.19,64.82,83.4,7.43,chickpea
12.65,29.4,32.65,6.57,mango
54.27,67.12,74.42,7.22,chickpea
5.87,14.71,30.19,5.44,pomegranate
91.34,32.36,42.96,6.89,watermelon
35.17,72.62,25.1,5.44,kidneybeans
10.17,38.35,16.71,6.33,mungbean
106.33,22.99,57.01,6.42,muskmelon
107.72,42.5,47.03,6.93,watermelon
32.91,61.39,17.91,4.43,kidneybeans
103.79,41.11,61.99,6.3,muskmelon
22.98,25.97,4.39,6.3,mango
91.27,25.54,35.16,6.72,rice
41.09,68.41,15.37,7.02,blackgram
33.24,75.67,95.79,6.59,chickpea
114.16,74.54,68.44,6.89,banana
29.26,67.69,4.29,7.49,blackgram
4.02,68.72,14.38,5.35,pigeonpeas
35.18,56.23,58.32,7.31,papaya
20.08,59.8,34.78,5.16,pigeonpeas
17.19,64.82,13.17,7.44,mungbean
23.14,29.88,15.54,6.54,coconut
114.46,40.01,20.11,6.96,cotton
12.12,149.31,212.52,6.01,grapes
3.92,144.02,196.84,5.87,apple
9.82,69.25,28.36,6.93,lentil
90.37,96.2,52.22,5.72,banana
86.43,52.45,38.36,7.14,jute
17.65,120.74,201.03,6.19,apple
31.67,10.73,48.66,5.97,pomegranate
28.05,131.86,212.13,6.61,apple
15.39,69.73,26.91,7.28,mungbean
84.07,9.64,55.7,7.02,muskmelon
110.36,8.14,28.67,6.21,coffee
84.67,32.19,28.02,5.64,coffee
25.08,63.47,24.77,5.52,pigeonpeas
81.04,43.9,39.03,7.62,jute
1.89,64.97,42.29,5.44,kidneybeans
96.92,89.76,47.43,6.0,banana
75.34,42.57,25.41,5.51,maize
91.8,44.02,42.74,6.55,jute
69.63,39.12,20.32,6.56,maize
35.9,62.71,35.59,4.99,pigeonpeas
19.58,35.01,31.01,6.81,mango
19.77,56.13,6.27,6.27,kidneybeans
4.78,25.22,29.44,5.65,pomegranate
113.26,37.96,41.3,6.42,watermelon
47.52,66.04,22.29,6.64,blackgram
79.98,51.45,7.17,5.39,maize
75.73,55.79,32.37,6.4,rice
27.59,44.22,7.13,6.63,mothbeans
0.0,63.83,21.15,6.08,kidneybeans
9.5,42.02,15.0,6.21,mango
128.36,43.58,19.76,6.87,cotton
45.26,62.37,33.15,6.26,papaya
22.02,44.36,19.45,7.25,mothbeans
112.75,38.99,27.15,6.15,cotton
12.38,54.13,16.34,6.54,mungbean
17.85,0.0,15.8,7.78,orange
79.48,40.84,45.92,6.96,jute
59.24,70.77,6.42,7.21,blackgram
22.76,30.78,17.86,6.68,mungbean
100.12,24.82,20.5,6.23,coffee
100.62,90.22,34.26,6.64,banana
49.14,62.16,26.64,5.19,pigeonpeas
49.01,78.69,40.88,7.11,papaya
10.97,131.38,214.11,5.12,apple
15.26,46.0,40.86,6.62,pomegranate
78.06,45.47,23.88,6.03,maize
32.7,43.02,31.9,6.49,mango
16.76,15.55,58.04,5.92,coconut
23.19,132.28,194.54,5.96,apple
17.61,65.17,0.04,5.9,lentil
93.22,46.35,41.94,7.54,jute
28.77,48.17,23.63,6.19,mothbeans
29.14,64.52,38.82,6.59,lentil
33.53,13.43,24.26,5.79,coconut
31.37,76.19,40.13,7.51,blackgram
73.98,48.0,44.69,7.16,jute
17.57,45.25,31.4,6.79,mungbean
114.18,36.47,22.82,7.45,cotton
106.89,36.21,57.28,6.8,watermelon
19.12,147.05,210.26,6.63,apple
16.28,140.28,210.94,5.29,grapes
22.4,13.2,32.41,5.41,coconut
23.25,111.18,197.42,5.56,grapes
112.54,28.45,48.22,6.1,watermelon
85.86,31.79,34.45,5.97,rice
3.45,29.9,14.35,6.05,mango
9.96,37.39,48.4,6.32,mango
101.16,18.33,25.9,6.25,coffee
11.47,46.45,38.22,6.18,pomegranate
105.72,75.15,42.09,5.49,banana
19.51,136.19,213.05,6.11,grapes
67.15,34.66,28.2,6.24,jute
21.46,5.89,18.12,7.18,orange
109.3,50.79,16.4,6.45,cotton
22.45,16.92,42.97,6.03,mango
42.84,45.96,50.95,6.1,papaya
111.3,22.21,64.39,7.11,muskmelon
28.37,44.48,9.56,6.54,mothbeans
73.26,51.69,28.21,7.06,jute
51.0,88.6,83.4,7.55,chickpea
23.05,52.22,41.86,6.58,mothbeans
11.13,17.29,26.98,6.37,pomegranate
89.05,28.31,50.17,7.25,watermelon
7.21,40.81,24.92,6.91,mothbeans
106.92,51.25,21.73,6.93,cotton
59.92,48.74,33.95,7.01,papaya
89.64,44.88,36.77,5.95,watermelon
14.71,68.11,29.71,7.06,mothbeans
78.45,53.59,29.16,6.88,rice
33.31,11.37,40.49,5.4,coconut
9.46,29.38,31.05,5.73,mothbeans
22.95,55.26,24.47,5.52,mothbeans
58.09,50.42,10.85,6.51,maize
80.68,41.57,28.28,7.24,rice
79.85,39.0,6.83,6.68,maize
26.21,16.79,34.45,5.07,coconut
23.32,14.74,0.0,7.5,orange
16.31,17.35,22.84,5.88,pomegranate
42.82,39.22,19.91,6.8,kidneybeans
88.99,31.89,50.31,5.89,watermelon
13.68,61.36,29.3,6.88,mungbean
41.42,83.86,10.95,6.64,blackgram
89.68,28.15,26.25,6.43,rice
68.67,44.46,43.16,7.16,rice
136.48,40.36,21.14,6.44,cotton
118.34,40.58,17.66,7.34,cotton
14.62,43.64,15.43,5.52,pigeonpeas
21.29,22.28,5.97,6.97,orange
53.68,65.05,10.96,7.21,blackgram
13.05,60.04,16.18,7.4,lentil
98.49,116.54,41.51,6.56,banana
23.89,34.61,19.05,6.22,mango
62.1,48.51,10.98,6.37,maize
27.14,131.36,207.59,5.75,apple
0.0,23.46,27.88,6.85,pomegranate
19.18,19.99,28.84,6.56,mango
120.54,40.89,25.62,6.74,cotton
14.65,30.21,9.43,7.0,mungbean
7.51,49.48,17.34,5.54,pigeonpeas
43.37,63.16,81.5,7.2,chickpea
27.07,151.42,198.07,5.46,apple
87.57,23.5,31.88,7.05,coffee
5.29,64.11,14.13,4.86,pigeonpeas
82.05,44.9,40.01,5.85,jute
77.41,39.18,30.07,5.6,jute
73.49,59.37,31.81,6.66,jute
45.72,60.36,45.75,6.69,papaya
14.63,69.66,26.72,6.09,lentil
9.48,141.89,219.14,5.78,grapes
78.15,29.77,37.76,6.89,rice
19.92,32.88,10.96,7.53,orange
28.19,52.0,43.93,7.17,mungbean
19.47,19.66,26.41,7.63,mango
0.0,38.33,25.63,5.72,kidneybeans
28.23,143.27,208.48,5.13,grapes
3.53,56.19,11.03,6.71,mungbean
7.64,21.91,7.35,6.88,orange
24.1,64.74,14.18,5.7,pigeonpeas
103.62,87.59,50.34,6.16,banana
76.18,51.06,44.54,5.87,rice
9.0,60.22,9.15,5.18,pigeonpeas
30.83,3.23,46.27,6.3,pomegranate
98.56,26.25,36.41,7.19,coffee
111.51,23.61,42.29,6.88,muskmelon
34.65,87.45,14.33,7.37,blackgram
51.73,58.7,50.42,6.77,papaya
62.83,57.07,60.98,8.45,papaya
29.91,25.01,61.43,6.38,pomegranate
13.76,66.76,18.09,5.07,kidneybeans
42.79,65.17,78.03,6.63,chickpea
27.62,59.66,2.27,7.03,mungbean
30.91,30.92,33.99,7.35,mungbean
27.65,30.18,29.58,5.75,mango
31.91,57.48,22.9,5.13,pigeonpeas
84.85,0.0,59.62,6.92,muskmelon
17.32,31.62,30.7,6.63,mango
29.71,46.2,45.73,6.28,mothbeans
30.78,68.38,17.74,5.87,pigeonpeas
96.96,28.1,50.22,6.47,muskmelon
76.48,43.57,42.28,6.87,rice
32.68,23.97,41.59,5.48,pomegranate
96.48,17.28,67.06,6.96,muskmelon
27.52,57.69,23.93,5.36,pigeonpeas
24.47,132.58,200.1,6.72,apple
38.17,37.09,32.33,7.55,mungbean
86.26,38.81,51.91,7.3,rice
11.64,55.73,7.14,5.22,kidneybeans
12.06,134.34,216.45,6.34,apple
74.88,46.35,43.16,6.15,rice
27.46,39.72,25.77,6.75,mango
47.96,61.09,52.24,6.73,papaya
38.22,38.56,12.15,6.0,mothbeans
113.95,56.31,10.66,6.87,cotton
11.72,24.96,52.32,5.84,pomegranate
30.85,77.15,20.88,6.3,pigeonpeas
48.45,54.83,54.88,6.23,papaya
20.77,50.73,9.45,7.17,lentil
57.27,40.34,16.58,6.32,maize
43.79,83.88,86.34,7.46,chickpea
94.92,20.17,61.11,6.5,muskmelon
113.87,48.24,20.13,7.17,cotton
13.26,42.19,26.95,6.05,kidneybeans
42.17,57.24,83.79,7.62,chickpea
5.59,55.05,16.08,6.23,mungbean
105.05,17.35,37.51,6.28,coffee
98.74,9.94,31.53,6.47,coffee
18.19,17.63,17.2,6.69,orange
90.17,42.96,44.11,6.05,watermelon
22.05,22.08,13.92,6.5,orange
4.1,142.57,181.14,6.04,grapes
98.48,30.12,36.02,6.16,coffee
32.28,58.17,21.01,5.37,pigeonpeas
12.48,19.51,23.34,5.76,mango
21.89,141.82,199.7,5.94,apple
32.36,35.09,1.88,6.63,mango
44.26,35.81,37.38,6.6,pomegranate
113.02,33.56,44.0,5.91,coffee
17.48,45.24,0.26,5.75,pigeonpeas
112.59,30.1,38.26,5.89,coffee
19.13,137.0,187.29,5.88,grapes
120.57,42.65,6.17,6.95,cotton
21.15,23.9,56.43,5.77,pomegranate
22.38,66.59,57.26,7.08,papaya
15.66,127.22,195.05,5.88,apple
43.03,63.53,27.39,6.32,blackgram
31.7,71.14,8.82,5.05,pigeonpeas
108.08,38.79,64.17,5.97,watermelon
40.24,64.6,55.89,7.02,papaya
39.39,73.31,15.58,8.34,blackgram
12.82,115.29,192.29,6.23,grapes
12.52,63.56,18.6,5.98,lentil
82.19,35.85,27.13,5.47,rice
105.23,32.04,30.18,6.53,coffee
38.93,55.62,76.11,6.91,papaya
36.88,66.9,73.44,8.17,chickpea
112.4,16.07,29.74,5.15,coffee
79.0,40.41,41.79,5.92,jute
17.91,54.05,24.78,7.77,mothbeans
29.92,25.69,39.37,5.84,pomegranate
44.23,48.33,35.39,7.42,papaya
2.35,54.32,22.2,5.48,pigeonpeas
27.45,154.94,209.27,5.91,apple
0.0,71.62,9.28,5.44,kidneybeans
45.94,12.29,8.87,8.08,orange
22.14,40.01,10.77,6.25,mothbeans
101.42,36.1,25.37,7.26,rice
10.99,40.99,3.32,6.77,mungbean
93.58,38.04,39.13,6.48,watermelon
24.31,20.47,28.75,5.62,pomegranate
14.81,12.39,24.25,6.57,coconut
38.74,17.47,44.7,5.69,coconut
88.03,52.34,41.87,5.79,jute
18.52,30.99,31.89,5.98,pomegranate
30.45,56.68,18.56,6.48,kidneybeans
16.07,51.33,23.32,6.58,mothbeans
81.65,44.78,35.88,6.97,jute
12.03,54.08,18.95,5.51,kidneybeans
79.02,38.2,41.53,6.53,rice
27.09,57.21,16.16,6.93,lentil
47.71,73.04,51.24,7.1,papaya
28.52,27.11,37.89,6.33,pomegranate
26.09,0.42,15.53,6.52,orange
25.58,69.31,94.54,7.02,chickpea
88.36,63.58,29.94,6.59,jute
26.53,16.22,26.46,5.97,pomegranate
99.16,34.3,25.91,7.64,cotton
20.68,30.91,17.86,6.31,mothbeans
17.2,60.72,24.54,6.29,mungbean
20.77,122.96,200.34,4.94,grapes
42.11,38.77,29.54,7.14,mungbean
18.41,62.94,0.0,6.76,lentil
115.45,44.94,24.67,7.29,cotton
6.77,67.53,31.83,5.52,kidneybeans
24.24,0.06,29.41,6.58,mango
104.73,21.72,53.42,6.35,muskmelon
6.22,85.36,11.48,5.91,kidneybeans
4.03,0.0,26.84,6.7,orange
16.14,62.34,26.72,5.17,pigeonpeas
74.61,33.45,23.49,6.1,maize
81.29,67.87,40.36,6.62,jute
121.44,28.32,26.73,5.92,coffee
117.93,42.98,6.23,6.74,cotton
63.19,46.09,13.8,5.25,maize
13.94,52.51,19.9,6.1,lentil
22.58,48.29,16.46,5.99,kidneybeans
32.58,10.19,43.01,5.88,pomegranate
61.3,76.1,55.19,6.58,papaya
86.51,69.14,34.71,6.8,rice
18.97,61.7,34.13,5.36,pigeonpeas
83.14,48.8,47.96,5.9,muskmelon
21.07,47.83,2.44,6.81,mungbean
8.77,56.25,10.71,5.95,kidneybeans
74.91,35.19,11.73,5.11,maize
84.91,51.62,35.82,6.39,jute
24.11,66.78,23.91,5.68,kidneybeans
26.58,65.44,69.28,8.43,chickpea
117.8,25.68,41.18,6.99,cotton
11.85,44.27,0.16,6.46,mothbeans
21.79,151.11,198.77,5.67,apple
60.72,49.21,64.92,7.06,papaya
34.65,10.42,39.12,5.85,pomegranate
127.26,48.46,28.74,6.59,cotton
39.08,26.92,33.13,6.01,mango
35.12,152.65,199.82,5.56,grapes
23.78,12.01,18.22,5.08,mango
93.12,29.24,27.6,6.72,coffee
103.32,27.93,28.12,6.69,coffee
117.56,36.23,8.13,6.63,cotton
1.22,45.0,26.31,6.44,mothbeans
17.85,17.77,39.24,5.88,coconut
26.72,22.48,37.89,6.08,coconut
39.76,3.64,16.68,5.32,coconut
12.29,127.63,204.77,6.92,apple
34.57,3.58,0.89,6.5,orange
18.65,25.31,49.91,5.92,mango
22.58,18.02,33.82,5.77,mango
19.52,21.86,8.63,6.81,orange
110.26,81.71,45.9,6.36,banana
4.59,131.26,193.74,6.28,apple
25.72,133.96,193.61,5.96,grapes
55.75,57.82,8.62,6.61,blackgram
18.85,70.77,20.4,5.48,kidneybeans
16.5,143.23,173.76,6.74,grapes
99.56,44.71,41.22,6.18,cotton
7.08,45.41,4.87,6.56,lentil
99.06,81.06,61.58,5.93,banana
22.58,37.98,22.77,6.24,mothbeans
10.27,144.1,202.82,6.26,apple
71.68,44.06,45.74,5.41,jute
19.86,58.83,18.62,6.78,lentil
112.93,23.58,38.16,6.34,coffee
15.65,10.41,8.54,6.95,orange
25.04,66.26,20.29,6.19,lentil
45.54,50.33,21.39,7.63,blackgram
82.84,78.32,43.2,6.31,banana
8.05,52.15,29.71,5.64,kidneybeans
18.46,20.28,48.54,6.4,pomegranate
79.97,44.98,46.14,7.19,jute
46.99,47.31,46.34,6.63,papaya
28.21,57.91,23.93,6.77,lentil
27.44,14.38,33.38,5.57,coconut
14.69,61.73,34.39,5.75,kidneybeans
8.43,72.76,27.12,6.59,kidneybeans
31.22,30.59,24.59,6.84,mothbeans
47.77,51.67,42.81,7.08,papaya
35.92,85.94,87.95,7.07,chickpea
109.55,34.2,61.62,6.47,watermelon
13.14,13.92,29.46,5.29,mango
22.12,14.43,20.55,5.93,mango
81.29,39.74,26.99,6.59,maize
114.3,78.48,63.9,6.01,banana
87.5,36.44,40.91,6.93,rice
20.66,52.81,7.22,6.75,mothbeans
24.9,119.3,218.08,5.11,apple
35.52,64.86,31.21,6.56,kidneybeans
0.0,67.92,5.91,6.2,lentil
48.31,54.35,79.4,6.77,chickpea
14.0,72.56,40.96,5.81,kidneybeans
116.11,52.49,31.52,6.02,cotton
17.96,69.11,10.99,5.1,pigeonpeas
29.92,66.94,68.85,6.25,chickpea
41.31,70.89,72.38,7.21,chickpea
104.46,21.52,59.26,5.94,muskmelon
11.01,104.61,197.23,5.52,grapes
4.83,66.38,20.15,6.72,lentil
37.43,150.14,200.52,5.74,apple
16.45,50.59,18.04,5.37,mungbean
25.32,69.27,15.38,3.98,pigeonpeas
40.63,74.17,64.07,6.7,chickpea
105.17,34.91,27.12,6.93,cotton
36.38,50.77,67.58,7.29,chickpea
20.79,66.87,19.93,4.04,pigeonpeas
11.98,126.36,186.6,6.16,grapes
29.77,128.85,191.47,6.18,apple
28.87,55.2,15.81,5.83,kidneybeans
48.94,83.45,8.91,6.25,blackgram
27.43,52.0,20.04,7.17,blackgram
31.32,68.98,26.74,4.9,pigeonpeas
104.09,29.0,23.48,6.37,coffee
6.48,51.72,38.25,6.09,lentil
118.05,62.18,19.92,6.2,cotton
20.24,44.0,16.42,6.54,orange
2.18,29.7,29.07,5.6,pomegranate
34.19,12.82,17.02,6.7,orange
28.63,135.46,209.94,6.04,apple
26.65,70.07,21.51,5.39,mothbeans
99.82,34.0,16.9,7.32,coffee
23.54,57.53,21.41,6.72,lentil
78.92,45.06,32.52,6.9,maize
81.48,33.52,27.85,6.86,maize
16.34,7.45,57.91,5.88,pomegranate
109.38,17.42,41.89,6.49,muskmelon
82.3,39.63,34.98,5.9,maize
0.0,29.89,36.57,6.26,mungbean
78.99,53.12,28.76,5.79,jute
81.33,35.56,32.13,6.32,maize
14.0,65.22,19.18,5.83,lentil
47.24,70.23,77.71,7.14,chickpea
31.1,48.24,1.43,6.73,mungbean
15.22,35.73,37.53,6.58,coconut
32.51,15.09,28.34,6.79,coconut
117.34,45.87,3.07,7.16,cotton
34.49,75.29,31.25,5.69,kidneybeans
28.38,69.19,84.1,6.83,chickpea
29.19,48.37,15.73,6.65,mothbeans
101.79,34.46,31.81,6.83,coffee
55.29,61.18,24.35,6.69,blackgram
129.8,60.78,10.24,6.92,cotton
72.66,42.61,18.1,6.39,maize
26.82,50.15,13.51,7.62,mothbeans
21.37,65.68,15.71,6.18,lentil
23.27,71.12,22.37,6.8,kidneybeans
101.96,72.23,59.05,5.11,banana
92.39,35.76,52.69,7.06,watermelon
31.68,150.89,213.72,6.06,grapes
33.1,67.65,33.03,6.41,lentil
33.66,63.15,43.6,7.12,blackgram
71.41,34.71,50.03,6.35,rice
17.1,0.92,42.96,5.58,pomegranate
35.47,34.97,35.57,6.33,mango
27.77,30.64,35.49,6.02,coconut
111.92,40.23,6.78,8.02,cotton
17.58,39.49,24.16,5.95,mothbeans
15.89,50.89,19.79,7.34,mungbean
28.97,65.53,12.49,6.97,lentil
25.26,135.9,190.24,6.31,grapes
13.04,66.56,21.57,5.74,pigeonpeas
108.89,78.04,47.32,5.9,banana
63.05,30.25,17.99,6.02,maize
99.82,84.02,52.26,5.76,banana
100.32,27.36,54.38,6.73,muskmelon
23.25,140.44,210.2,5.35,grapes
21.31,70.16,5.85,5.87,lentil
119.45,51.88,60.19,6.58,watermelon
105.89,92.52,65.11,5.78,banana
17.97,123.41,198.29,6.19,apple
14.67,34.5,19.42,6.41,mango
27.29,38.69,31.41,6.85,mothbeans
111.66,82.3,46.56,4.81,banana
22.65,13.64,7.84,6.6,orange
0.0,0.0,6.02,7.15,orange
23.9,121.98,231.02,6.06,apple
64.16,52.76,42.32,6.45,jute
25.38,28.18,38.86,6.38,mango
82.32,42.68,25.33,6.71,rice
18.47,143.96,198.79,6.24,grapes
21.08,58.0,70.87,7.16,chickpea
46.63,44.99,48.2,6.81,papaya
79.97,56.95,14.22,5.88,maize
99.12,7.05,46.89,7.36,muskmelon
49.5,65.85,45.99,7.38,papaya
81.34,58.47,43.68,7.06,jute
86.3,52.35,24.48,6.28,maize
20.04,151.63,202.19,6.78,apple
43.75,66.52,24.53,5.45,pigeonpeas
94.31,35.05,26.27,5.82,coffee
5.89,122.72,193.38,5.73,apple
8.88,28.87,32.11,5.95,coconut
21.42,40.96,10.54,6.37,lentil
37.6,35.49,41.07,5.34,mango
93.08,0.0,54.66,6.6,muskmelon
81.74,49.92,33.31,6.62,jute
110.13,42.45,26.22,6.82,cotton
9.96,4.52,0.0,7.07,orange
2.44,2.13,26.17,6.06,pomegranate
35.79,67.99,15.79,7.81,blackgram
70.81,35.45,39.03,6.93,rice
16.48,50.57,14.6,6.25,mothbeans
106.74,28.47,46.09,6.8,muskmelon
80.54,43.97,39.39,6.46,watermelon
14.23,62.16,24.5,6.46,lentil
9.75,68.95,34.22,5.22,pigeonpeas
28.08,127.12,197.82,6.09,grapes
20.06,62.01,15.44,7.47,mothbeans
4.54,13.26,38.3,6.74,pomegranate
77.34,33.87,48.41,6.67,jute
103.87,15.64,31.44,6.62,watermelon
107.87,25.97,25.52,6.68,coffee
71.66,56.77,42.59,6.49,jute
18.66,123.66,188.86,6.57,apple
83.41,33.05,42.48,7.62,jute
12.31,16.38,28.21,6.89,orange
18.35,27.91,24.49,5.91,mango
15.11,75.05,42.3,6.07,kidneybeans
100.23,34.87,41.18,6.7,watermelon
33.58,87.03,0.79,4.92,pigeonpeas
127.6,61.07,31.92,7.55,cotton
13.38,11.53,0.0,7.18,orange
86.59,34.42,62.75,6.75,watermelon
98.14,33.52,63.25,6.46,muskmelon
129.79,37.02,27.96,6.34,cotton
22.98,63.52,25.13,5.87,kidneybeans
40.31,66.3,58.2,8.09,chickpea
47.32,65.07,15.08,7.13,blackgram
22.8,72.85,26.1,6.41,lentil
69.5,53.27,27.11,6.2,jute
25.18,13.23,27.84,6.14,pomegranate
106.01,28.48,35.45,6.71,muskmelon
19.0,7.44,38.1,6.29,coconut
105.52,94.78,50.75,5.42,banana
125.35,18.52,46.17,6.38,muskmelon
99.25,71.76,53.43,5.91,banana
89.15,55.07,21.64,5.81,maize
21.95,55.18,39.64,7.34,lentil
28.59,116.4,203.05,6.05,grapes
108.67,20.29,26.69,5.43,coffee
34.42,82.79,80.09,7.7,chickpea
27.66,51.7,19.37,6.41,mungbean
40.34,79.35,20.37,6.51,lentil
31.44,63.91,17.35,6.96,blackgram
91.82,86.0,42.86,5.86,banana
63.34,55.22,33.81,6.43,jute
19.52,12.12,37.43,6.6,mango
8.14,48.52,0.0,5.28,mothbeans
2.9,39.91,22.47,6.66,mothbeans
82.49,50.12,52.36,6.54,watermelon
49.7,53.93,26.88,6.74,blackgram
37.22,15.6,10.2,7.36,orange
103.97,54.24,39.37,6.72,watermelon
26.45,135.75,183.69,7.05,apple
15.81,131.79,194.41,5.99,apple
121.09,33.4,26.69,7.08,coffee
47.86,75.26,28.89,7.89,blackgram
106.41,35.05,53.72,6.44,watermelon
124.54,37.31,40.39,7.12,cotton
97.37,41.47,24.82,5.72,maize
30.85,60.54,19.0,7.33,blackgram
22.86,132.26,193.03,6.52,grapes
52.45,53.96,66.02,7.04,chickpea
23.67,124.25,207.81,5.91,grapes
19.75,21.72,27.29,5.79,coconut
90.35,81.12,54.19,5.78,banana
19.83,57.82,11.83,7.72,mungbean
2.92,45.85,14.93,6.18,mothbeans
126.32,57.21,9.64,7.06,cotton
36.2,68.77,5.43,6.31,kidneybeans
124.62,41.64,32.56,7.17,cotton
123.27,26.71,44.55,6.7,watermelon
19.47,0.0,31.81,5.79,coconut
3.53,122.89,208.21,6.01,grapes
26.44,113.15,186.83,5.32,apple
50.21,43.17,53.37,6.84,papaya
85.43,30.1,39.06,6.65,rice
86.44,43.68,55.7,6.58,watermelon
96.22,28.35,34.02,5.81,coffee
20.4,129.49,212.55,6.59,apple
26.08,132.5,190.53,5.7,grapes
10.3,24.07,22.57,6.15,mango
26.27,12.51,42.47,5.69,coconut
4.41,67.77,26.33,5.99,lentil
14.64,43.93,6.69,6.74,mungbean
91.25,11.82,49.4,6.85,muskmelon
34.49,16.79,31.18,6.13,coconut
19.72,18.85,0.0,6.88,orange
80.5,8.52,57.8,6.04,muskmelon
15.8,33.18,14.39,7.01,orange
14.68,64.99,0.0,5.98,pigeonpeas
15.79,136.87,194.37,6.54,apple
37.79,63.88,108.09,7.27,chickpea
41.26,69.14,15.25,6.87,blackgram
111.23,28.96,30.57,7.2,coffee
37.4,62.9,37.85,6.2,kidneybeans
19.1,5.67,41.74,5.7,coconut
36.74,56.49,89.86,7.23,chickpea
8.75,55.31,19.15,6.81,mothbeans
21.15,53.55,20.93,6.71,mothbeans
28.95,138.27,208.02,5.26,grapes
36.81,68.7,87.56,7.85,chickpea
21.68,22.5,7.59,7.94,orange
25.69,71.25,27.89,7.53,lentil
24.59,60.78,7.75,7.17,blackgram
109.68,91.75,54.77,5.73,banana
16.99,22.21,30.08,6.04,coconut
28.0,16.06,18.19,7.55,orange
71.34,35.01,38.66,6.07,rice
30.28,52.42,10.14,6.15,mungbean
11.83,13.95,42.24,5.79,coconut
29.31,135.54,189.51,5.62,grapes
22.32,38.01,32.03,5.67,mothbeans
16.6,11.59,26.0,5.47,coconut
15.53,75.62,24.6,5.23,kidneybeans
30.47,17.64,31.84,6.27,coconut
32.23,42.88,17.06,6.25,mothbeans
94.58,73.61,31.63,5.27,banana
13.52,19.98,3.72,7.95,orange
102.92,26.6,49.6,6.92,watermelon
93.27,24.79,24.99,7.09,coffee
30.04,78.56,23.57,6.69,blackgram
80.04,0.0,38.91,6.76,muskmelon
91.85,21.83,26.29,6.55,coffee
115.33,22.36,53.68,6.42,muskmelon
25.99,129.23,193.52,6.02,apple
99.8,85.84,66.92,5.81,banana
77.31,56.98,13.86,5.82,maize
93.53,15.95,54.61,6.56,muskmelon
57.26,79.43,0.26,7.38,blackgram
12.88,134.36,205.63,5.8,apple
29.55,70.27,16.26,7.19,blackgram
22.3,39.91,20.86,7.07,mothbeans
98.58,46.76,55.9,6.14,watermelon
107.55,103.22,54.14,6.8,banana
101.39,33.66,58.99,5.83,watermelon
20.9,49.99,37.78,6.53,mothbeans
73.38,42.19,22.55,7.15,rice
11.59,22.71,29.48,6.0,coconut
25.29,44.94,21.04,7.32,mango
17.32,126.87,191.85,5.87,grapes
0.0,10.18,51.49,4.88,pomegranate
31.94,79.26,24.5,6.39,kidneybeans
18.29,128.63,192.23,6.09,grapes
90.36,44.41,22.98,6.2,jute
68.04,44.29,28.9,5.7,rice
110.54,34.84,8.46,7.18,cotton
23.28,61.73,15.36,6.68,mungbean
41.17,69.19,32.68,7.39,blackgram
25.66,74.42,27.45,6.11,kidneybeans
81.28,30.5,31.57,6.33,rice
41.81,114.71,190.66,6.4,grapes
8.11,142.55,214.86,5.3,apple
17.61,15.22,44.03,5.25,pomegranate
22.82,58.82,16.29,5.28,pigeonpeas
92.33,36.44,26.25,5.96,maize
66.83,57.0,19.18,6.17,maize
35.4,142.92,199.0,5.88,apple
32.73,61.81,22.31,5.62,pigeonpeas
14.13,29.19,32.07,5.54,coconut
14.65,51.42,30.25,5.7,pigeonpeas
43.8,53.52,41.8,6.52,papaya
49.11,58.59,31.94,7.23,papaya
35.69,71.31,64.56,7.38,chickpea
26.73,27.7,5.82,8.14,orange
80.12,27.76,40.52,6.76,rice
18.58,7.17,9.68,7.32,orange
14.94,77.39,11.87,6.82,lentil
6.02,15.93,25.28,6.61,mango
101.81,79.74,43.29,4.91,banana
98.43,88.07,39.17,5.71,banana
89.49,34.88,29.0,5.28,jute
14.66,125.23,199.99,6.29,grapes
36.88,73.44,61.81,7.57,papaya
11.37,154.83,197.97,6.81,apple
27.41,117.61,207.1,5.46,grapes
107.84,15.68,47.41,6.91,watermelon
124.33,49.11,16.12,6.8,cotton
14.23,51.11,29.21,5.71,kidneybeans
104.23,29.98,55.58,7.31,watermelon
0.0,73.07,28.79,4.89,pigeonpeas
13.15,68.56,6.21,6.74,lentil
81.53,21.1,54.55,5.81,muskmelon
103.76,76.4,59.81,5.62,banana
7.25,49.14,15.59,7.15,lentil
25.99,119.48,197.02,7.28,apple
18.28,76.16,16.93,6.08,kidneybeans
27.28,15.13,33.89,6.76,mango
66.58,60.48,24.2,6.2,maize
19.05,18.19,4.1,7.18,orange
18.11,19.96,23.02,6.36,mango
23.02,18.01,26.73,6.18,coconut
75.31,41.83,42.64,6.72,rice
22.49,28.52,15.15,8.24,orange
87.72,28.96,25.44,6.49,coffee
113.18,36.3,25.53,6.64,cotton
2.4,90.68,30.44,4.9,pigeonpeas
34.63,66.75,2.75,7.09,blackgram
114.37,28.25,61.87,6.34,muskmelon
10.28,43.79,10.31,6.38,mungbean
108.44,28.5,18.97,6.26,coffee
75.3,39.46,37.55,7.03,rice
76.5,0.0,30.21,5.92,muskmelon
31.94,75.1,62.27,6.7,papaya
51.06,67.13,66.8,6.87,papaya
27.4,54.87,10.43,5.91,mungbean
17.59,137.87,190.16,5.67,grapes
22.4,38.81,40.79,5.98,mango
22.12,37.36,25.09,6.57,mungbean
54.38,59.33,83.16,7.2,chickpea
85.49,47.14,24.46,5.99,maize
13.59,31.68,22.91,5.42,mango
22.27,18.43,35.86,6.22,pomegranate
20.07,8.55,17.38,5.86,coconut
15.21,23.4,37.16,6.38,mango
84.19,49.9,28.36,6.01,maize
28.16,20.63,38.4,5.93,coconut
25.68,53.49,4.2,6.48,mothbeans
96.79,74.94,67.19,5.53,banana
31.06,21.32,41.34,6.18,coconut
88.78,56.02,38.45,6.99,rice
31.76,87.23,26.45,6.06,pigeonpeas
98.22,41.58,18.04,6.93,coffee
42.89,74.32,75.92,6.51,chickpea
26.6,7.24,23.69,6.03,coconut
23.75,68.73,11.24,5.93,pigeonpeas
58.94,46.87,49.58,6.51,papaya
103.18,12.13,47.13,6.1,muskmelon
20.16,51.69,13.44,7.18,mungbean
75.94,26.23,34.09,6.82,rice
101.46,27.47,24.28,7.16,coffee
46.76,55.27,24.02,7.34,blackgram
20.57,11.68,32.58,7.19,pomegranate
41.52,107.93,209.75,6.16,apple
107.22,14.82,49.47,5.9,watermelon
33.72,77.87,69.55,7.25,chickpea
89.15,37.92,40.25,6.11,watermelon
96.29,105.56,45.36,5.65,banana
89.84,26.7,36.36,6.33,coffee
97.5,20.85,24.38,7.34,coffee
27.29,69.93,28.24,6.4,kidneybeans
6.53,42.78,0.0,7.28,mothbeans
94.63,33.23,59.27,6.19,watermelon
37.4,62.4,32.49,6.49,blackgram
92.75,71.47,62.29,6.29,banana
106.34,34.38,23.92,6.29,cotton
9.99,71.28,23.61,6.22,kidneybeans
74.69,37.91,2.69,6.26,maize
97.84,27.13,40.38,6.53,muskmelon
34.63,6.43,0.0,7.02,orange
18.1,27.25,44.17,5.5,pomegranate
79.6,44.93,23.19,6.57,maize
107.71,1.92,57.71,6.76,muskmelon
37.7,133.87,195.99,5.84,grapes
46.75,48.12,58.68,6.9,papaya
109.21,25.67,68.92,7.31,muskmelon
29.04,14.34,0.0,7.97,orange
114.51,42.7,58.83,6.42,muskmelon
94.31,39.13,44.81,6.73,jute
14.3,125.5,197.05,5.55,grapes
83.44,53.06,41.3,6.24,jute
66.04,51.46,38.2,6.11,jute
106.31,24.76,37.67,6.85,coffee
117.19,40.36,24.72,7.3,cotton
20.37,11.27,36.81,6.03,pomegranate
102.55,38.77,13.71,6.45,cotton
15.88,70.27,43.26,4.91,kidneybeans
32.39,22.79,4.33,6.81,orange
88.13,44.4,16.47,6.65,coffee
22.5,67.94,11.91,4.99,kidneybeans
18.38,153.06,202.35,6.02,grapes
7.64,129.36,203.76,5.76,grapes
39.07,80.0,81.02,6.93,chickpea
28.18,30.01,19.56,6.65,mango
15.36,13.12,45.78,6.6,pomegranate
18.37,72.83,52.74,7.29,papaya
18.14,60.25,4.32,6.25,kidneybeans
108.28,49.81,35.56,6.68,coffee
0.66,27.28,43.15,5.69,pomegranate
7.41,50.59,9.92,6.45,mungbean
46.11,73.58,65.79,6.81,papaya
35.37,51.85,21.09,5.81,kidneybeans
30.65,76.13,26.08,7.06,mothbeans
15.94,1.98,27.9,5.21,coconut
20.55,77.1,47.14,6.04,lentil
19.37,8.55,43.24,5.82,pomegranate
31.56,16.44,18.94,4.83,mango
7.75,69.38,15.42,7.04,lentil
31.69,61.9,7.41,7.31,blackgram
103.99,85.76,54.82,6.04,banana
102.79,46.46,57.96,6.58,watermelon
117.23,87.47,48.67,6.12,banana
94.22,26.9,57.31,5.39,watermelon
38.91,20.14,21.04,6.24,orange
86.04,62.55,15.88,6.14,maize
28.73,62.99,21.66,6.6,lentil
104.7,94.76,58.88,7.05,banana
13.72,71.66,18.86,5.49,kidneybeans
44.14,64.32,46.66,6.75,papaya
22.17,46.13,29.96,7.05,mungbean
21.15,6.63,27.06,6.02,coconut
126.59,51.68,0.0,7.26,cotton
7.5,36.25,32.44,5.6,pomegranate
45.1,82.28,48.24,7.08,papaya
76.11,31.14,5.06,6.5,maize
121.09,43.82,26.73,7.01,cotton
0.0,142.46,225.72,5.55,apple
20.65,143.23,200.31,6.33,grapes
99.22,28.03,0.0,7.21,coffee
115.88,29.49,42.03,6.73,coffee
116.71,32.32,42.78,6.0,watermelon
94.42,61.1,41.98,7.25,jute
36.36,86.88,16.47,7.61,blackgram
13.83,24.73,23.05,7.0,mango
120.47,41.45,19.96,7.07,cotton
88.79,44.34,49.16,7.09,rice
13.36,16.64,23.75,7.44,orange
34.79,140.27,220.3,5.48,grapes
31.78,46.72,15.49,6.7,blackgram
41.07,46.3,33.53,6.35,mungbean
91.86,45.73,33.57,6.3,watermelon
81.93,63.65,0.0,5.44,maize
20.58,75.82,15.27,6.7,lentil
27.83,51.37,34.01,5.71,kidneybeans
38.93,134.76,192.66,6.0,grapes
84.68,40.72,36.72,6.91,rice
32.89,15.93,29.67,7.64,orange
43.11,79.58,69.79,7.24,chickpea
14.88,137.36,199.47,5.32,grapes
113.71,7.88,69.75,6.26,muskmelon
13.67,127.58,197.32,6.19,apple
13.1,72.86,23.91,7.19,lentil
20.72,48.63,20.11,6.36,mothbeans
12.95,48.14,12.5,6.41,mothbeans
87.36,43.76,12.18,5.94,maize
14.98,64.97,86.53,7.51,chickpea
32.3,15.18,45.91,5.64,pomegranate
100.02,37.87,57.84,6.73,watermelon
17.38,0.0,3.46,6.34,orange
9.77,49.27,31.66,6.87,mothbeans
88.76,40.46,11.31,5.54,maize
12.4,54.62,17.39,4.77,pigeonpeas
9.17,27.35,39.36,5.45,pomegranate
23.65,70.11,38.09,5.61,pigeonpeas
20.99,123.7,201.48,5.96,grapes
49.57,37.24,0.0,6.6,mothbeans
21.7,60.28,13.84,5.11,kidneybeans
0.0,54.03,14.53,6.52,mothbeans
73.07,38.05,57.76,6.84,jute
27.44,140.7,204.29,6.86,apple
130.26,43.73,29.95,6.28,cotton
32.27,51.94,19.08,6.14,lentil
84.37,13.31,16.61,6.79,coffee
96.82,57.81,50.09,6.13,banana
12.97,126.78,191.76,4.57,grapes
12.97,58.34,15.77,6.53,mungbean
46.69,53.41,60.39,6.97,papaya
81.62,50.48,40.53,5.49,maize
103.88,22.61,40.39,5.75,coffee
113.62,41.21,53.52,6.66,watermelon
20.47,54.02,27.69,6.01,pigeonpeas
48.09,64.66,25.91,6.79,blackgram
33.57,41.13,13.21,6.83,mungbean
50.49,71.53,92.26,8.18,chickpea
31.33,63.07,24.42,6.04,pigeonpeas
84.81,26.32,37.08,6.64,rice
107.9,24.3,24.97,6.21,coffee
107.06,19.05,3.94,6.64,coffee
82.75,38.59,45.49,6.03,maize
9.98,20.13,9.39,7.29,orange
95.15,18.51,31.1,5.87,muskmelon
39.12,151.14,200.74,5.73,apple
56.6,40.33,27.21,7.49,papaya
40.09,61.24,18.3,7.12,blackgram
100.41,28.32,42.92,7.34,watermelon
39.53,68.35,79.23,7.02,chickpea
8.7,9.52,16.24,7.6,orange
10.99,22.45,41.83,5.67,pomegranate
66.74,50.69,51.27,6.11,papaya
10.48,130.46,200.12,6.37,apple
20.23,70.65,18.37,5.17,kidneybeans
20.87,69.7,3.65,5.22,kidneybeans
83.93,29.5,58.07,7.17,watermelon
82.26,45.68,53.37,6.22,jute
23.67,24.11,57.31,6.34,mango
24.45,22.7,42.68,6.68,pomegranate
26.78,60.16,19.91,7.43,blackgram
120.1,58.29,30.63,7.04,cotton
25.6,65.76,26.55,4.73,kidneybeans
23.78,16.19,25.29,5.95,coconut
80.66,34.06,40.31,7.37,rice
17.39,65.4,29.79,6.21,lentil
73.93,47.32,22.72,6.68,maize
30.18,84.17,78.46,6.61,chickpea
56.11,11.57,75.28,6.95,muskmelon
21.64,30.87,0.0,7.21,orange
42.18,9.08,32.51,6.33,pomegranate
20.63,67.98,81.18,5.97,chickpea
22.85,53.32,30.06,6.37,lentil
71.46,24.06,25.8,5.19,maize
33.25,78.9,20.28,4.83,kidneybeans
15.07,8.7,2.31,5.43,coconut
107.77,28.17,56.49,5.6,muskmelon
89.55,22.48,69.09,6.22,watermelon
14.97,54.77,30.85,7.1,mothbeans
82.28,40.13,25.25,4.88,maize
71.22,48.99,5.76,5.48,maize
16.07,71.38,9.22,5.72,mothbeans
21.38,66.34,58.92,7.11,chickpea
29.69,61.56,12.38,7.27,blackgram
61.73,52.49,37.04,6.46,jute
52.48,51.74,55.57,6.41,papaya
25.24,76.67,10.89,6.34,kidneybeans
106.01,9.72,58.97,6.59,muskmelon
28.68,14.56,5.34,7.39,orange
40.07,71.57,29.87,7.14,blackgram
9.56,70.57,14.79,7.3,lentil
82.54,31.48,0.0,6.2,maize
18.38,35.83,29.08,7.3,mothbeans
32.23,1.33,39.06,6.65,pomegranate
23.52,55.72,26.05,6.28,mothbeans
102.83,28.33,44.67,6.75,watermelon
94.6,32.49,58.87,6.08,watermelon
46.04,42.13,18.44,7.38,mungbean
89.41,47.38,46.44,6.34,rice
99.05,18.33,33.51,7.11,muskmelon
20.02,76.42,26.79,5.46,pigeonpeas
66.98,37.95,39.51,5.97,rice
93.98,30.89,22.51,6.64,coffee
25.98,57.37,12.55,6.15,mothbeans
52.14,65.68,79.95,7.08,chickpea
93.72,68.55,58.68,5.7,banana
40.16,75.04,6.06,5.47,mothbeans
57.54,72.91,86.99,6.2,chickpea
13.59,49.42,16.69,5.61,lentil
96.61,24.4,43.25,5.92,watermelon
23.82,33.44,13.77,6.29,mango
69.31,33.62,36.93,6.96,jute
23.42,56.7,51.97,6.4,papaya
20.6,84.88,19.64,6.42,lentil
38.67,59.76,48.29,6.29,papaya
108.03,36.38,48.39,7.74,watermelon
39.88,79.05,93.19,6.82,chickpea
6.87,47.46,13.0,5.99,mungbean
106.63,17.17,51.46,7.86,muskmelon
0.0,72.65,33.68,4.96,kidneybeans
12.98,68.59,9.68,6.75,mungbean
56.95,54.53,48.65,6.58,papaya
21.92,79.27,11.2,5.47,pigeonpeas
21.95,49.73,31.65,6.06,mothbeans
101.3,44.73,32.21,6.57,coffee
35.5,44.86,35.37,5.93,mungbean
118.75,44.92,40.14,7.01,watermelon
6.86,128.14,210.14,5.73,grapes
38.82,72.14,80.36,7.15,chickpea
105.02,37.53,37.89,6.01,watermelon
11.83,31.46,22.13,7.0,mango
19.64,26.65,8.6,7.96,orange
17.51,17.08,9.42,7.03,orange
76.51,49.32,41.55,6.13,rice
75.72,48.35,40.9,7.41,rice
15.66,125.32,185.29,5.84,grapes
74.57,45.47,16.63,6.05,maize
16.37,50.49,19.61,7.88,mothbeans
17.38,74.48,0.0,5.8,lentil
116.81,44.15,20.61,7.0,cotton
84.87,55.36,35.28,6.1,rice
28.95,130.87,205.37,5.77,apple
2.61,11.42,29.93,6.62,orange
14.01,127.91,178.81,5.06,grapes
13.6,74.88,0.0,5.11,pigeonpeas
12.52,15.31,39.61,6.34,coconut
97.07,20.46,24.44,6.5,coffee
0.0,26.72,24.19,6.91,orange
37.24,20.16,6.01,7.97,orange
27.96,49.67,11.46,5.39,kidneybeans
125.47,41.9,28.6,7.37,cotton
84.13,30.71,56.24,6.21,watermelon
93.56,92.1,53.97,6.52,banana
87.76,92.17,61.62,6.92,banana
101.69,0.0,63.15,7.12,muskmelon
10.43,30.49,6.94,8.07,orange
44.53,128.67,193.23,6.51,grapes
12.26,37.58,21.19,6.45,mungbean
19.5,63.2,29.89,5.33,kidneybeans
27.04,122.46,188.76,6.23,grapes
81.59,41.6,28.88,5.5,rice
83.65,28.11,58.77,6.47,rice
55.12,63.66,47.92,7.32,papaya
6.28,49.93,22.34,6.76,mothbeans
38.84,76.99,20.13,7.28,blackgram
73.61,57.68,47.77,6.62,rice
29.96,53.14,26.64,8.03,mungbean
24.2,73.14,17.96,6.46,kidneybeans
47.53,57.8,23.79,6.59,blackgram
21.01,65.93,14.48,6.51,mungbean
76.84,36.61,27.81,7.15,rice
29.04,77.76,29.52,5.9,lentil
100.61,64.67,64.66,6.26,banana
20.27,71.69,15.6,6.17,kidneybeans
82.24,38.59,58.37,6.8,rice
44.8,56.95,59.01,7.7,papaya
76.82,72.2,27.63,5.54,maize
4.41,65.91,14.07,6.0,kidneybeans
94.9,74.14,40.42,5.34,banana
58.37,77.4,88.06,7.16,chickpea
34.96,61.78,63.45,7.08,chickpea
21.01,32.65,29.58,6.11,mango
83.54,18.17,44.98,6.3,muskmelon
107.49,36.88,49.94,6.57,watermelon
33.37,91.9,12.16,6.41,blackgram
105.5,84.83,47.39,6.03,banana
90.16,33.92,44.97,6.78,jute
96.87,26.59,38.11,6.58,coffee
7.39,2.2,23.68,5.52,coconut
111.74,35.21,25.18,6.69,cotton
20.3,48.68,12.06,6.51,mothbeans
28.72,79.65,75.0,6.86,chickpea
28.19,46.54,34.47,7.31,mungbean
47.74,47.88,43.07,6.49,papaya
17.03,51.24,35.83,6.48,mothbeans
110.5,49.47,27.59,7.24,cotton
13.02,51.84,22.05,7.39,mungbean
101.9,24.97,36.71,7.35,muskmelon
87.84,71.29,53.94,6.44,banana
19.42,146.87,202.41,6.0,apple
63.17,30.35,37.62,6.42,rice
91.04,30.75,47.65,6.25,muskmelon
75.77,36.17,54.71,6.26,rice
15.59,49.01,16.0,5.89,mungbean
102.8,25.18,57.77,6.7,watermelon
131.27,59.06,26.49,6.66,cotton
42.26,72.63,82.44,6.54,chickpea
104.37,34.74,63.61,6.3,watermelon
15.18,64.46,23.57,5.73,kidneybeans
107.68,38.88,34.93,6.14,watermelon
22.74,14.81,20.89,5.77,coconut
4.5,69.78,28.79,7.02,lentil
42.77,139.85,183.48,6.45,grapes
32.42,28.71,4.66,8.12,orange
63.18,32.39,9.66,5.99,maize
73.34,18.68,22.42,6.54,rice
74.42,43.57,14.67,6.73,maize
52.87,61.78,80.03,6.65,chickpea
65.43,23.25,57.29,6.21,rice
11.06,41.06,13.79,6.02,mothbeans
88.58,38.43,40.53,6.6,rice
91.64,38.15,53.23,6.78,watermelon
32.63,40.94,43.51,5.47,coconut
83.81,37.28,14.79,6.45,maize
67.3,59.48,8.87,6.4,maize
19.52,63.06,24.95,7.2,lentil
49.79,55.9,33.28,6.35,blackgram
76.69,43.51,15.95,6.27,maize
84.57,53.06,44.8,6.55,rice
89.01,50.44,53.09,6.08,jute
20.17,24.3,32.0,6.04,coconut
27.6,44.68,11.94,6.4,mothbeans
18.04,22.96,34.65,6.16,coconut
13.52,31.52,52.36,5.32,pomegranate
73.41,55.39,2.94,5.11,maize
32.93,71.83,70.44,7.71,chickpea
83.14,38.99,53.15,6.81,watermelon
18.81,62.23,20.33,5.12,pigeonpeas
116.1,44.91,67.58,6.78,watermelon
9.23,57.8,16.72,6.79,lentil
103.83,18.71,43.53,6.22,muskmelon
70.03,36.05,36.28,6.61,rice
107.55,37.27,30.96,6.13,coffee
14.57,73.16,6.52,7.32,lentil
42.31,82.22,19.04,7.53,blackgram
118.95,1.63,46.38,7.25,muskmelon
86.21,40.81,32.74,5.48,maize
22.83,62.83,25.79,4.82,pigeonpeas
81.42,27.22,55.73,6.78,rice
21.54,53.08,38.86,6.15,mothbeans
93.17,20.83,55.72,6.79,muskmelon
94.69,14.22,61.32,6.12,muskmelon
9.84,138.84,211.62,5.53,grapes
21.48,22.55,55.6,6.11,pomegranate
99.49,55.23,43.15,6.73,watermelon
79.32,39.12,41.05,6.93,jute
123.03,51.97,6.15,6.97,cotton
111.21,34.43,0.0,6.76,cotton
32.17,71.04,44.72,7.28,blackgram
31.5,13.07,32.74,5.55,pomegranate
40.04,70.36,23.28,5.31,kidneybeans
31.06,73.9,79.99,7.84,chickpea
50.62,63.04,49.13,7.1,papaya
35.93,60.58,84.55,8.1,chickpea
95.88,40.59,72.87,6.48,watermelon
103.86,22.85,74.48,6.59,muskmelon
91.28,41.12,22.42,6.34,maize
95.88,32.55,30.81,6.98,coffee
25.84,48.83,24.85,6.72,mungbean
49.69,31.52,84.38,7.72,chickpea
36.96,48.56,49.55,6.71,papaya
110.85,28.22,41.67,7.11,coffee
63.13,28.93,37.63,6.85,rice
94.52,8.28,41.59,6.4,muskmelon
71.86,37.78,52.06,5.99,rice
84.17,44.05,47.12,6.51,jute
111.94,56.59,14.37,7.33,cotton
18.21,63.08,16.15,5.06,pigeonpeas
25.38,83.76,13.69,6.67,blackgram
118.11,28.27,58.29,5.44,muskmelon
10.72,32.29,20.88,5.19,coconut
83.05,36.22,43.38,7.36,rice
20.33,11.67,4.07,7.46,orange
15.34,37.86,30.44,5.96,mango
19.45,17.83,18.6,5.8,mango
81.39,28.32,47.2,5.76,muskmelon
76.37,35.89,49.27,5.7,rice
31.64,129.17,209.04,5.54,apple
0.0,38.84,35.66,7.08,mungbean
50.34,55.67,41.93,6.62,papaya
98.35,82.94,52.15,5.55,banana
21.56,78.28,28.59,7.53,blackgram
119.18,3.65,44.61,6.59,muskmelon
25.11,126.79,193.79,5.28,apple
27.66,22.87,31.94,4.5,coconut
53.81,62.0,54.39,7.19,papaya
16.88,70.37,20.92,5.81,pigeonpeas
49.03,45.61,42.24,5.7,jute
37.19,135.7,208.65,6.08,apple
24.62,114.59,206.22,6.36,apple
83.21,18.35,13.63,6.52,maize
33.78,50.09,32.87,6.51,mungbean
7.55,133.57,212.27,5.6,apple
8.85,73.85,22.81,6.69,lentil
24.87,135.71,200.06,5.91,grapes
81.63,61.28,42.32,7.0,rice
96.65,53.04,61.56,6.03,watermelon
3.95,76.26,38.41,7.02,lentil
20.56,135.37,194.4,6.36,apple
29.66,134.55,190.24,6.81,grapes
18.83,62.29,86.16,7.08,chickpea
63.23,46.41,18.58,6.47,maize
95.59,74.72,48.7,5.19,banana
23.73,50.95,0.0,5.79,kidneybeans
26.62,14.58,7.32,7.02,orange
19.63,8.47,38.81,6.15,mango
111.09,27.63,26.55,6.26,coffee
60.59,73.25,59.61,6.76,papaya
12.59,127.54,212.39,7.03,grapes
23.87,133.26,203.58,5.65,grapes
25.89,19.82,11.52,5.59,coconut
120.4,51.62,17.73,7.38,cotton
71.47,22.73,36.66,7.37,rice
13.06,76.93,26.61,6.5,pigeonpeas
42.78,56.01,17.3,6.35,blackgram
40.14,81.71,94.72,7.26,chickpea
12.43,86.78,28.75,6.54,lentil
28.24,57.84,21.79,5.57,kidneybeans
16.99,125.99,207.18,5.59,apple
25.87,16.58,39.01,5.48,pomegranate
17.36,16.99,36.71,6.01,pomegranate
70.27,53.55,45.25,6.76,jute
91.54,1.99,64.46,6.06,muskmelon
43.87,56.24,26.56,5.58,pigeonpeas
73.92,40.26,24.46,6.09,jute
83.88,51.42,29.0,6.74,jute
44.27,33.42,48.53,5.45,mango
8.93,21.97,35.92,5.69,pomegranate
14.34,30.86,18.23,6.05,mothbeans
40.75,60.49,19.28,7.99,blackgram
87.43,44.14,31.23,5.35,rice
14.87,71.03,33.21,6.75,lentil
49.81,76.7,25.72,6.67,blackgram
23.95,60.59,16.95,6.92,mothbeans
28.43,132.71,197.01,6.8,grapes
97.14,46.31,54.84,5.89,watermelon
0.0,49.87,21.46,6.67,mungbean
116.6,33.02,5.03,6.79,cotton
36.07,66.06,69.65,6.87,papaya
110.08,38.07,45.22,6.33,watermelon
9.22,27.21,21.65,6.33,mango
95.38,74.33,57.05,5.4,banana
16.25,71.05,19.87,5.97,kidneybeans
33.23,51.4,17.29,7.68,mungbean
115.19,17.32,52.09,6.15,muskmelon
29.65,0.0,24.17,5.4,coconut
19.61,61.93,20.91,6.19,kidneybeans
6.99,22.46,56.64,5.48,pomegranate
51.41,70.59,14.78,7.28,blackgram
38.92,40.6,24.87,6.44,blackgram
113.78,26.73,39.7,6.18,watermelon
101.62,75.91,56.0,5.57,banana
22.88,13.61,40.18,5.22,pomegranate
103.05,9.37,28.81,5.66,coffee
49.76,63.56,47.47,6.97,papaya
85.09,38.8,44.59,6.26,jute
28.72,22.06,33.76,6.12,coconut
30.93,4.59,11.99,7.7,orange
13.85,11.61,27.27,5.44,coconut
102.67,40.27,60.06,6.39,watermelon
30.91,142.48,187.49,6.58,apple
50.47,46.58,28.36,6.88,papaya
112.29,18.95,55.08,6.02,muskmelon
110.02,13.53,43.92,7.45,muskmelon
104.68,25.54,18.09,7.37,cotton
43.37,131.23,210.95,6.02,grapes
76.14,21.74,30.84,6.25,jute
80.04,36.38,40.78,7.32,jute
2.85,134.57,207.13,6.21,grapes
28.09,72.26,29.81,7.52,lentil
76.91,42.86,42.63,6.27,rice
37.86,30.11,35.58,6.03,mango
28.17,78.87,7.94,6.68,lentil
12.32,138.39,207.61,6.88,apple
15.67,53.4,34.36,7.09,mungbean
12.47,11.17,12.5,6.28,coconut
94.95,49.83,36.24,6.64,rice
59.69,52.52,0.63,5.91,maize
23.33,37.58,45.2,6.06,mango
16.73,14.25,32.25,6.55,pomegranate
127.49,34.03,12.64,6.75,cotton
0.0,75.79,9.22,5.71,lentil
72.28,30.71,52.02,6.38,muskmelon
16.85,14.62,10.64,6.81,orange
24.75,143.97,203.52,6.82,grapes
6.95,45.2,30.81,6.68,mothbeans
116.02,17.88,41.27,5.75,coffee
1.92,59.68,35.16,5.4,kidneybeans
6.74,79.49,28.78,4.63,kidneybeans
91.13,89.47,43.11,5.53,banana
101.98,50.28,58.07,6.22,watermelon
12.17,73.84,33.41,6.31,lentil
24.16,61.26,37.77,5.73,lentil
103.64,37.48,11.65,5.85,coffee
3.85,70.97,1.72,5.88,pigeonpeas
56.43,53.39,28.48,6.34,papaya
51.48,42.7,51.52,6.05,papaya
16.78,13.42,1.63,6.8,orange
25.41,42.66,32.87,5.99,mungbean
75.16,50.62,12.86,6.13,maize
96.72,42.38,37.21,7.15,muskmelon
20.07,18.81,27.64,5.33,mango
71.76,59.97,29.38,7.08,rice
34.66,45.65,21.19,7.39,blackgram
86.65,57.24,37.48,5.34,rice
75.07,46.4,3.84,6.04,maize
9.72,144.41,184.09,5.59,grapes
6.68,61.92,25.11,5.55,lentil
84.14,35.3,47.62,7.28,jute
99.36,43.65,35.21,6.57,cotton
115.63,25.39,24.16,5.74,coffee
88.15,71.97,62.81,5.54,banana
44.69,43.24,29.16,5.9,mango
109.11,35.22,57.16,6.42,watermelon
37.58,9.48,0.0,7.8,orange
98.03,29.35,48.0,6.86,watermelon
8.35,51.9,27.9,6.91,mothbeans
22.04,63.57,9.24,6.61,pigeonpeas
109.68,42.79,9.38,6.82,cotton
103.18,43.76,29.7,7.42,cotton
19.35,129.63,193.07,6.49,apple
26.18,94.11,7.53,5.33,kidneybeans
95.98,54.54,25.77,7.3,cotton
24.28,9.93,28.05,7.19,mango
84.13,33.6,31.47,5.91,rice
42.33,150.75,211.36,5.88,apple
21.53,131.49,194.9,5.9,grapes
24.54,139.47,188.53,5.83,apple
33.38,63.15,38.26,6.94,blackgram
3.23,14.33,16.66,5.97,pomegranate
55.32,71.0,51.41,6.58,papaya
68.38,49.88,0.0,6.84,maize
33.7,29.36,8.14,6.03,coconut
0.0,30.3,29.06,6.62,mango
7.56,153.62,195.15,6.31,apple
5.38,113.78,192.69,6.68,grapes
19.78,9.42,14.23,7.17,orange
12.21,16.53,34.73,5.76,pomegranate
4.27,67.92,12.17,5.77,pigeonpeas
25.19,25.58,36.52,5.8,pomegranate
108.18,65.61,43.41,5.77,banana
105.87,85.5,40.39,6.76,banana
16.32,43.32,42.77,6.83,mothbeans
38.45,56.3,29.96,7.14,blackgram
13.95,55.4,10.49,6.97,mungbean
32.47,71.1,74.72,7.12,chickpea
49.7,79.78,7.7,7.03,blackgram
105.58,28.78,28.39,7.01,coffee
114.97,35.16,15.68,7.87,cotton
13.78,30.6,21.32,6.28,mango
41.1,38.77,61.5,7.22,papaya
30.11,19.83,7.52,7.57,orange
116.34,51.49,21.54,6.59,cotton
16.29,18.71,54.31,6.2,pomegranate
22.34,131.05,203.02,6.3,grapes
104.15,85.04,45.22,6.48,banana
58.07,42.4,3.14,5.89,maize
9.37,22.73,34.93,5.57,coconut
26.31,40.62,1.54,6.06,mothbeans
16.85,28.79,37.95,6.73,mango
13.22,37.44,32.75,6.08,mango
6.78,158.46,192.26,5.83,apple
97.31,12.57,69.98,6.62,muskmelon
15.83,57.26,6.88,6.48,lentil
14.07,27.0,67.4,5.01,pomegranate
98.23,80.84,43.73,6.2,banana
30.98,126.51,209.8,5.49,apple
26.41,23.53,0.0,7.76,orange
38.25,80.38,46.07,6.89,papaya
10.59,67.27,27.74,6.65,lentil
113.97,45.35,11.87,7.38,cotton
104.86,23.07,36.84,6.15,coffee
18.29,14.3,22.48,5.71,coconut
29.49,68.65,3.19,6.13,lentil
28.11,134.66,190.44,5.25,apple
101.01,21.31,48.5,6.07,muskmelon
44.93,60.45,30.92,6.74,blackgram
47.8,86.31,30.57,6.92,blackgram
17.64,78.99,24.75,5.61,pigeonpeas
33.06,67.64,73.56,6.71,chickpea
86.9,41.73,43.86,7.66,rice
111.79,40.22,9.76,8.03,cotton
5.08,74.71,6.9,5.31,pigeonpeas
28.45,85.62,8.96,6.03,kidneybeans
88.64,61.36,43.83,5.45,maize
99.69,84.85,39.51,5.96,banana
83.55,56.97,53.12,5.87,jute
16.25,11.47,20.72,8.07,orange
38.49,53.72,39.54,6.54,papaya
22.41,5.77,31.11,5.96,coconut
28.85,29.44,29.28,5.92,mothbeans
76.65,32.75,37.34,6.69,rice
29.15,128.57,210.76,6.04,grapes
16.23,53.23,29.96,6.68,lentil
43.14,73.44,59.36,7.13,papaya
35.98,82.36,80.52,7.77,chickpea
38.97,53.83,74.13,7.38,chickpea
29.31,113.39,218.14,6.32,apple
102.39,18.81,47.93,6.97,watermelon
78.86,43.14,18.53,6.16,rice
40.5,69.82,62.4,7.43,papaya
18.45,60.28,16.53,6.53,mungbean
75.86,47.64,39.27,6.16,jute
44.38,53.07,43.93,7.3,papaya
24.11,22.6,43.2,5.87,pomegranate
7.68,115.53,179.72,7.06,apple
87.45,58.51,45.76,6.39,jute
51.96,63.99,11.65,7.27,blackgram
81.67,50.49,17.54,5.37,maize
15.34,20.81,37.0,6.2,pomegranate
23.88,85.1,18.31,5.95,pigeonpeas
98.97,12.37,47.31,6.57,muskmelon
20.36,50.81,23.65,8.12,mungbean
25.31,55.31,31.78,6.97,blackgram
72.65,33.07,37.33,6.75,jute
13.43,2.58,19.15,5.78,coconut
23.36,54.5,11.59,6.64,blackgram
131.74,52.22,23.95,7.02,cotton
102.97,46.88,42.31,6.33,watermelon
19.57,74.41,22.74,5.78,pigeonpeas
104.36,61.59,66.78,5.49,banana
31.26,120.86,199.92,5.97,apple
7.64,131.14,200.24,6.14,apple
12.08,70.84,22.75,7.28,lentil
47.64,56.11,50.49,6.56,papaya
12.55,47.11,19.92,6.86,mungbean
75.15,55.91,11.93,5.89,maize
2.23,62.72,29.33,6.01,pigeonpeas
106.05,37.43,17.64,6.15,coffee
34.86,26.99,8.86,6.04,orange
19.37,25.5,45.63,5.48,pomegranate
11.34,59.18,31.79,6.91,mungbean
95.34,37.15,14.38,7.11,coffee
84.47,56.51,38.97,5.79,rice
26.72,73.39,13.62,6.12,lentil
29.39,10.01,45.47,4.71,coconut
108.43,24.48,18.71,6.53,coffee
42.43,42.84,19.24,6.93,blackgram
2.62,62.37,15.5,5.23,pigeonpeas
32.37,133.48,204.15,7.06,grapes
102.87,51.28,43.73,5.8,watermelon
10.96,13.1,13.39,7.66,orange
87.78,42.38,26.74,6.72,rice
4.24,73.03,23.23,5.96,kidneybeans
29.07,71.74,81.1,7.19,chickpea
121.1,46.23,27.31,5.4,coffee
91.76,70.62,42.01,6.22,banana
10.97,42.46,32.93,4.64,mango
95.88,24.66,44.18,5.58,muskmelon
30.84,28.51,18.83,6.81,orange
79.16,35.81,41.55,5.31,jute
74.84,49.5,37.98,6.12,jute
103.93,20.88,60.09,5.36,muskmelon
28.15,38.67,7.21,7.54,mungbean
101.13,60.9,18.1,6.61,cotton
9.47,133.33,199.21,5.53,apple
82.83,5.56,35.92,6.33,coffee
19.98,53.24,0.9,6.58,mungbean
17.55,72.2,26.04,5.91,lentil
93.88,9.24,54.34,6.6,muskmelon
77.74,39.11,16.76,6.22,maize
24.2,74.01,18.58,7.75,lentil
27.55,15.59,31.2,5.55,coconut
44.25,90.43,84.11,7.94,chickpea
12.07,85.59,19.17,5.32,kidneybeans
89.91,48.29,36.61,7.24,coffee
98.26,85.05,56.41,5.88,banana
22.59,45.41,20.14,6.68,mothbeans
102.25,40.04,62.96,6.67,watermelon
98.87,75.91,63.8,5.97,banana
40.65,88.31,40.77,6.54,blackgram
108.15,15.92,36.05,7.2,coffee
25.03,82.77,20.11,5.55,pigeonpeas
65.02,57.06,46.07,6.74,jute
46.33,67.73,21.99,7.27,blackgram
32.02,145.85,209.04,6.79,grapes
32.74,133.83,204.28,5.93,grapes
47.96,58.09,37.07,7.01,papaya
13.04,27.75,38.46,6.02,mango
13.1,48.44,12.32,7.13,mothbeans
92.23,42.2,41.77,7.09,rice
27.74,63.24,43.0,5.44,kidneybeans
28.78,137.62,200.7,6.7,grapes
93.51,39.92,44.65,5.73,watermelon
22.06,30.11,8.19,7.54,orange
106.62,44.39,16.13,8.33,cotton
32.77,59.02,13.35,5.67,kidneybeans
11.69,67.69,20.57,5.3,pigeonpeas
24.5,85.06,8.06,6.35,pigeonpeas
42.44,73.29,77.26,7.02,chickpea
10.35,24.68,36.95,7.21,pomegranate
20.54,135.23,198.3,6.69,grapes
37.4,18.03,39.62,5.31,coconut
102.56,87.59,53.01,6.02,banana
37.15,5.28,40.1,6.49,pomegranate
79.2,54.61,14.33,6.73,rice
91.62,96.69,61.22,6.17,banana
97.8,92.62,37.29,5.22,banana
92.35,87.76,41.34,5.46,banana
122.56,21.31,29.18,6.93,cotton
95.06,48.51,39.15,6.59,watermelon
18.78,59.38,24.95,7.08,mungbean
3.02,33.06,25.68,6.48,mango
11.01,1.4,26.32,6.51,pomegranate
100.07,20.22,61.37,5.78,muskmelon
17.52,20.9,27.73,7.98,orange
98.77,68.35,8.96,7.02,maize
97.8,85.18,48.12,5.37,banana
76.69,35.5,35.74,7.08,jute
109.05,25.16,16.36,6.33,coffee
36.68,81.84,29.69,6.32,blackgram
25.07,69.21,32.35,6.36,mothbeans
94.45,29.04,51.77,6.72,muskmelon
30.18,62.63,4.52,7.53,blackgram
22.83,135.57,185.88,6.01,grapes
22.1,142.77,197.47,6.47,grapes
130.34,40.6,18.05,7.23,cotton
7.04,125.37,189.52,5.97,grapes
22.48,52.08,22.0,5.12,pigeonpeas
19.51,18.1,2.92,7.43,orange
10.07,40.56,25.51,7.29,mothbeans
0.0,29.72,23.86,6.14,mango
72.78,33.13,41.52,5.59,jute
33.58,9.61,35.91,6.28,mango
29.63,88.62,27.25,7.16,lentil
27.59,57.11,32.92,7.18,mothbeans
21.02,48.46,20.05,6.57,mungbean
48.82,68.51,55.22,7.4,papaya
20.78,28.62,2.81,7.02,orange
106.87,75.57,55.54,6.02,banana
31.18,27.47,40.48,6.66,coconut
12.31,36.95,20.55,6.63,mango
31.82,74.41,32.38,6.29,blackgram
88.89,54.68,27.14,5.22,maize
96.03,19.05,66.74,7.31,muskmelon
38.32,84.43,32.6,6.91,blackgram
79.94,45.51,52.8,5.8,jute
108.61,82.79,24.61,6.16,banana
8.66,19.76,7.49,7.09,orange
13.51,68.19,2.95,7.28,lentil
91.54,64.29,34.51,5.49,maize
29.96,26.01,22.68,7.12,mungbean
110.11,47.33,8.99,5.9,cotton
112.58,46.91,6.36,6.63,cotton
90.7,24.95,30.3,7.49,coffee
10.42,57.46,32.07,6.6,mungbean
25.94,76.6,2.32,5.01,kidneybeans
34.15,77.24,94.45,6.99,chickpea
20.9,43.2,14.14,6.2,mungbean
5.09,13.54,42.82,6.1,pomegranate
1.38,69.66,29.64,6.34,lentil
0.0,68.3,32.62,6.86,lentil
88.71,33.88,29.03,6.2,rice
104.9,28.76,46.14,6.81,watermelon
84.14,30.77,35.79,6.77,jute
17.14,33.49,25.86,5.48,pomegranate
27.61,74.25,0.0,6.67,lentil
21.05,62.16,27.71,7.02,blackgram
9.22,141.73,208.83,6.33,grapes
21.71,24.64,24.6,6.04,mango
60.49,30.66,19.5,6.47,rice
76.03,44.75,47.24,6.39,jute
122.39,100.5,71.2,5.7,banana
118.27,45.08,19.93,7.79,cotton
85.56,50.77,43.99,5.89,jute
40.84,66.9,91.32,6.45,chickpea
35.91,2.57,23.57,5.56,coconut
2.97,49.16,13.97,6.76,mungbean
26.48,54.88,5.03,4.41,pigeonpeas
102.73,74.22,55.41,5.64,banana
95.19,85.37,47.61,5.93,banana
25.41,72.88,20.0,6.33,lentil
11.19,56.68,17.78,6.47,mungbean
49.44,50.58,43.38,6.74,papaya
13.49,64.49,14.19,5.69,kidneybeans
97.95,54.95,54.86,6.75,watermelon
10.78,21.56,28.91,5.1,coconut
12.86,71.04,32.61,4.8,kidneybeans
81.83,54.63,16.1,5.55,maize
34.0,28.37,31.7,5.67,mango
22.6,121.12,216.74,6.4,grapes
21.56,51.35,21.27,6.32,mothbeans
38.94,44.77,62.15,6.88,papaya
12.32,9.53,24.93,6.47,orange
82.89,38.41,36.32,6.68,rice
40.38,11.15,22.55,5.15,coconut
58.42,76.01,27.36,6.98,blackgram
26.7,64.03,20.07,6.68,lentil
94.29,31.83,56.35,6.26,watermelon
11.33,36.55,46.59,7.02,mango
19.88,0.0,43.04,5.71,mango
19.11,63.49,28.72,5.38,pigeonpeas
23.27,4.56,29.74,6.11,pomegranate
11.72,26.15,11.73,6.86,mungbean
10.35,52.9,8.19,5.27,kidneybeans
38.77,52.96,29.8,6.64,mothbeans
22.49,8.36,24.87,5.6,coconut
19.56,59.39,17.83,5.17,kidneybeans
79.5,37.61,33.04,5.91,rice
19.0,51.6,5.14,6.99,mungbean
91.29,29.84,33.46,5.89,rice
4.1,10.59,37.79,5.24,pomegranate
102.8,64.36,44.07,7.46,jute
17.37,68.64,24.25,5.84,lentil
7.67,47.72,9.0,5.31,mothbeans
21.95,70.6,19.99,5.57,pigeonpeas
21.28,18.46,49.59,6.16,pomegranate
30.97,56.46,19.1,6.92,mothbeans
36.6,69.84,13.28,6.27,blackgram
44.48,66.6,57.07,6.73,papaya
95.9,30.46,44.7,6.5,coffee
93.48,87.33,45.33,5.82,banana
15.0,45.9,30.08,5.99,mango
43.65,64.44,71.41,7.55,chickpea
98.93,16.92,52.73,6.53,muskmelon
6.09,28.89,37.87,5.67,mango
39.98,54.79,15.29,7.35,blackgram
104.7,9.03,39.89,7.18,muskmelon
28.73,78.16,25.43,4.82,pigeonpeas
78.69,47.13,25.87,6.89,maize
17.24,20.62,0.0,7.05,orange
22.02,25.59,47.14,6.67,pomegranate
19.32,24.45,18.19,6.32,orange
27.66,59.94,26.21,5.65,lentil
106.4,24.66,62.87,6.51,watermelon
31.34,53.82,18.45,6.61,mungbean
7.21,15.84,16.78,5.73,coconut
18.86,56.94,21.41,6.85,mungbean
12.31,29.71,6.63,5.94,coconut
19.04,41.84,15.45,6.89,mothbeans
19.27,60.47,27.89,7.24,mothbeans
71.4,51.8,64.96,6.87,papaya
6.36,3.85,27.72,6.2,coconut
70.41,40.22,53.37,6.15,rice
95.21,49.31,33.63,6.38,maize
131.41,23.14,33.98,7.36,watermelon
12.01,124.88,193.14,5.67,grapes
102.94,18.11,43.97,6.58,coffee
8.74,24.32,42.31,5.29,pomegranate
11.67,21.75,35.11,6.16,pomegranate
49.09,72.78,81.1,7.34,chickpea
88.85,35.78,23.14,5.63,maize
10.38,33.91,23.95,6.18,mango
0.0,14.25,16.6,5.85,pomegranate
32.32,57.38,11.38,6.48,mungbean
127.01,36.47,9.59,6.23,cotton
22.91,62.22,10.07,7.0,mungbean
80.23,23.9,28.17,5.97,maize
15.14,46.16,16.76,5.49,kidneybeans
15.34,64.73,4.49,5.65,pigeonpeas
61.03,53.35,38.48,6.56,jute
118.23,26.05,28.14,6.66,coffee
116.67,51.54,18.35,6.91,cotton
64.18,42.74,67.54,6.56,jute
113.9,45.74,22.74,7.3,cotton
14.4,49.08,19.02,6.7,mothbeans
91.6,39.37,43.99,6.41,watermelon
77.85,87.04,48.16,6.37,banana
29.89,54.53,27.3,4.55,pigeonpeas
69.54,37.68,21.77,6.43,maize
11.61,124.43,181.92,6.54,grapes
6.27,35.69,33.61,5.76,mango
83.69,42.33,45.38,6.53,rice
14.64,133.8,197.62,5.08,apple
98.4,82.74,53.95,5.43,banana
101.85,26.87,52.8,6.34,coffee
27.6,38.57,4.18,6.41,mothbeans
28.57,148.48,194.69,6.02,apple
1.58,61.35,18.2,7.18,mungbean
125.48,32.93,20.17,6.99,cotton
12.34,0.0,37.63,5.87,coconut
100.05,74.66,46.14,7.51,banana
111.05,31.56,12.13,7.31,cotton
0.0,137.07,199.37,6.5,apple
18.04,0.13,43.95,5.59,pomegranate
95.67,38.1,26.32,7.21,coffee
28.28,75.36,80.62,7.52,chickpea
17.97,27.53,5.46,7.03,orange
40.79,91.31,13.44,6.9,blackgram
115.33,47.71,29.96,7.56,cotton
40.29,86.82,76.36,7.06,chickpea
85.32,54.63,65.17,5.71,rice
99.4,50.85,51.31,6.42,jute
34.4,63.71,53.8,7.22,papaya
29.74,66.1,17.41,4.92,pigeonpeas
103.98,8.32,45.08,6.4,coffee
108.27,25.69,40.14,6.41,watermelon
13.27,68.76,90.46,6.15,chickpea
71.6,48.38,38.37,6.66,rice
19.57,28.15,16.24,6.84,orange
49.76,79.69,34.24,7.12,blackgram
98.51,63.59,49.73,6.18,banana
105.2,17.37,57.23,6.64,watermelon
13.01,96.1,22.36,5.9,pigeonpeas
116.33,63.56,7.39,7.29,cotton
70.06,56.26,40.76,6.81,jute
101.96,30.98,36.96,6.72,coffee
28.48,61.1,17.6,6.77,mungbean
108.66,85.61,32.63,6.42,banana
18.7,53.31,14.15,7.5,mungbean
83.27,37.83,44.52,5.91,jute
28.81,134.81,188.09,5.65,grapes
14.24,34.91,23.79,5.71,mango
96.09,14.59,45.87,6.66,muskmelon
14.56,138.91,208.94,5.78,apple
126.18,57.72,36.5,6.71,cotton
101.52,27.34,46.88,6.25,watermelon
102.1,25.08,48.05,6.39,coffee
12.26,73.5,22.99,6.38,lentil
6.18,23.58,12.23,8.01,orange
81.14,47.29,3.08,6.62,maize
55.71,50.64,42.39,6.71,papaya
15.67,16.01,28.51,5.62,pomegranate
48.4,62.6,70.18,7.25,papaya
36.94,32.06,17.17,5.54,mango
18.85,64.87,17.85,6.52,lentil
35.21,61.05,55.07,6.53,papaya
113.3,30.5,15.2,6.68,cotton
0.0,65.21,16.77,6.59,lentil
131.73,32.04,33.93,8.13,cotton
13.37,18.81,37.54,5.34,pomegranate
6.38,26.91,26.08,6.36,coconut
97.51,50.96,36.68,5.49,maize
84.0,39.95,22.43,6.77,rice
92.14,44.4,36.86,6.26,jute
27.26,50.11,15.66,6.63,mothbeans
28.48,30.66,18.01,6.2,mango
19.79,143.3,204.19,6.81,grapes
102.81,67.5,5.24,7.07,cotton
16.1,8.74,36.36,5.7,coconut
74.06,32.97,13.72,5.97,maize
80.12,25.68,57.33,5.59,muskmelon
117.5,23.54,54.8,5.11,muskmelon
15.46,0.0,0.35,7.19,orange
20.05,46.78,26.97,5.7,mothbeans
14.23,43.29,34.66,6.72,mungbean
109.76,50.4,12.47,7.1,cotton
19.59,13.65,7.11,7.03,orange
9.8,17.33,29.81,6.16,mango
76.8,35.14,30.13,6.91,rice
81.49,53.57,18.26,5.85,maize
5.78,44.75,15.9,5.43,pigeonpeas
25.9,44.81,31.45,7.09,mango
27.56,55.23,76.25,6.8,chickpea
108.09,42.87,34.99,6.11,coffee
16.58,17.62,0.0,6.62,orange
5.78,25.62,30.67,6.17,mango
8.34,132.8,197.27,5.68,grapes
79.83,48.4,31.22,6.79,rice
101.71,73.91,48.8,5.99,banana
90.15,52.01,38.08,6.32,jute
102.45,68.68,52.92,6.18,banana
25.36,61.44,17.01,4.61,pigeonpeas
11.27,15.24,3.58,7.74,orange
40.31,56.38,104.45,6.92,chickpea
96.25,26.86,50.99,6.61,watermelon
22.42,58.96,29.03,6.29,lentil
80.15,38.64,34.73,6.92,jute
35.44,70.26,14.01,6.82,lentil
31.17,132.61,181.28,5.87,apple
114.36,19.31,47.32,6.5,coffee
15.64,29.0,22.11,6.89,mungbean
20.68,90.1,22.9,5.68,kidneybeans
93.6,32.48,48.37,7.51,jute
38.69,66.4,43.65,7.16,papaya
39.42,57.98,75.44,7.07,chickpea
23.41,1.5,10.78,7.5,orange
79.23,19.73,38.0,6.82,watermelon
103.64,0.0,49.65,6.62,muskmelon
76.69,51.85,38.48,6.01,maize
139.43,45.4,19.4,7.8,cotton
21.35,55.05,13.84,5.55,pigeonpeas
115.95,71.52,15.89,7.86,cotton
27.38,10.45,15.19,5.52,coconut
20.7,51.8,25.89,6.37,mungbean
14.74,52.64,15.97,6.89,lentil
91.13,36.56,38.8,6.72,coffee
28.67,47.36,9.63,6.83,mothbeans
70.67,48.32,44.03,5.52,jute
120.31,26.64,30.28,6.9,cotton
30.27,20.82,42.35,5.28,pomegranate
18.59,71.02,4.39,5.1,pigeonpeas
0.0,16.52,18.86,5.51,coconut
53.0,73.41,45.4,6.62,papaya
95.78,46.51,35.6,6.89,jute
12.5,43.42,25.54,4.87,mango
88.67,50.03,26.15,6.9,maize
92.99,48.53,27.46,6.85,jute
120.44,43.8,13.84,6.96,cotton
91.47,52.82,59.25,6.6,watermelon
32.65,69.41,16.96,5.8,pigeonpeas
104.3,17.65,31.39,6.26,coffee
24.23,15.73,40.92,6.01,pomegranate
108.49,31.26,32.17,6.9,coffee
0.83,61.9,24.5,7.24,mungbean
48.08,65.96,53.3,6.45,papaya
92.81,34.34,54.74,5.72,watermelon
37.98,57.43,30.24,5.38,pigeonpeas
90.24,34.7,51.61,6.0,watermelon
70.21,36.23,27.91,6.02,maize
20.19,39.43,22.35,5.58,mango
30.58,117.85,195.74,5.74,grapes
0.0,56.05,28.27,6.95,mungbean
91.21,46.21,21.72,5.07,maize
54.31,75.55,10.66,6.55,blackgram
17.98,141.36,198.43,5.19,apple
128.28,43.07,40.69,6.73,cotton
23.62,0.0,54.07,5.87,pomegranate
74.64,56.13,10.36,6.53,maize
35.38,31.71,0.0,6.52,orange
31.05,61.31,32.1,6.47,lentil
22.73,10.36,33.51,6.01,coconut
39.72,72.44,94.35,7.41,chickpea
40.39,81.15,81.8,7.58,chickpea
45.1,82.1,22.56,6.56,blackgram
19.45,56.72,19.6,5.22,pigeonpeas
72.06,61.36,22.69,4.86,maize
16.95,122.38,204.25,5.81,grapes
43.45,66.53,75.86,7.5,chickpea
97.36,11.04,39.63,7.3,muskmelon
23.46,65.19,24.26,5.83,lentil
71.79,71.36,74.62,7.44,chickpea
105.85,28.35,35.73,6.81,muskmelon
37.62,60.9,45.94,6.59,papaya
0.27,10.76,0.0,8.16,orange
64.94,64.88,22.73,7.18,blackgram
41.41,59.39,34.2,6.97,papaya
110.77,40.11,32.51,6.22,coffee
24.06,30.58,25.52,5.49,mango
29.7,0.0,34.44,7.01,orange
104.02,0.0,59.65,6.45,muskmelon
20.6,49.48,27.78,5.74,kidneybeans
15.62,131.75,199.97,6.0,grapes
53.78,57.09,50.27,6.17,papaya
14.3,64.55,33.62,6.96,lentil
14.14,131.7,191.42,6.21,apple
25.71,51.08,19.12,7.12,mungbean
69.6,52.99,54.07,5.73,rice
14.52,27.86,23.93,7.09,mungbean
29.01,4.29,6.78,8.09,orange
8.33,131.34,204.8,6.26,grapes
77.84,35.67,34.86,5.93,jute
20.04,153.98,214.85,5.31,apple
20.99,16.57,14.5,6.14,coconut
15.77,17.85,0.0,5.81,mango
102.25,52.75,18.15,6.17,coffee
21.97,12.94,6.42,7.15,orange
113.06,60.43,17.84,7.21,cotton
8.11,63.82,5.71,7.24,mungbean
19.64,50.4,13.1,7.33,mungbean
16.56,110.75,196.1,6.25,grapes
0.0,70.76,29.95,6.46,kidneybeans
27.69,29.65,22.91,6.72,mungbean
99.91,13.64,48.25,5.71,muskmelon
108.5,11.01,61.58,5.8,muskmelon
26.24,73.44,27.4,6.59,blackgram
16.72,114.88,201.0,5.97,grapes
34.58,82.97,49.14,6.12,papaya
23.67,22.2,35.1,6.12,pomegranate
84.3,36.35,34.15,6.24,watermelon
116.9,14.21,45.3,6.53,muskmelon
102.29,18.67,44.38,6.86,muskmelon
102.49,39.73,55.76,6.61,muskmelon
80.77,50.54,44.11,5.72,jute
0.0,131.89,198.74,6.12,apple
27.56,11.49,9.02,7.89,orange
106.85,34.95,42.75,6.41,watermelon
114.96,23.16,28.69,7.2,coffee
102.46,39.03,32.94,6.52,coffee
19.09,26.54,0.0,7.94,orange
99.01,96.55,45.67,5.43,banana
27.9,60.34,8.66,7.53,blackgram
12.57,139.54,201.12,5.37,apple
13.25,13.23,17.36,5.05,coconut
72.46,57.0,44.0,5.98,papaya
22.29,39.88,23.79,6.36,mango
99.02,86.56,46.31,6.98,banana
30.23,47.05,32.29,7.24,mothbeans
14.56,0.0,15.48,6.58,orange
65.49,65.21,44.26,6.93,papaya
121.29,25.34,35.87,6.16,cotton
65.53,31.05,41.77,6.57,rice
101.95,75.54,66.23,5.64,banana
24.8,54.33,18.05,6.74,mothbeans
34.12,58.72,5.19,6.42,lentil
90.06,16.44,57.83,5.26,muskmelon
17.53,8.07,28.75,6.27,coconut
93.07,71.91,49.21,6.01,banana
38.68,65.75,86.7,6.52,chickpea
16.05,61.57,13.77,5.71,kidneybeans
28.81,65.45,3.55,6.86,lentil
13.39,65.18,8.5,5.92,kidneybeans
97.97,8.97,26.72,7.12,coffee
98.31,79.86,43.32,6.28,banana
82.66,34.69,65.54,6.78,muskmelon
18.15,13.56,27.85,6.65,pomegranate
10.16,147.26,203.73,6.31,apple
24.7,16.15,45.09,5.15,coconut
22.29,98.89,3.84,6.58,lentil
67.87,77.51,67.61,7.11,papaya
25.34,40.86,20.91,5.12,mothbeans
43.96,91.0,30.48,7.19,blackgram
17.8,28.35,22.01,5.62,coconut
31.55,71.9,79.41,7.77,chickpea
82.57,52.61,33.49,6.72,jute
49.92,55.9,36.91,6.51,papaya
23.64,69.91,16.09,4.69,kidneybeans
23.24,74.06,24.84,5.34,pigeonpeas
24.51,5.92,6.75,6.42,orange
15.61,81.77,19.77,5.1,kidneybeans
19.53,143.44,200.21,6.05,apple
30.86,30.18,35.67,6.35,mango
122.01,20.92,47.83,5.77,muskmelon
87.15,59.21,26.44,6.62,jute
6.56,20.12,34.27,6.45,mango
78.97,53.15,64.77,5.89,watermelon
87.11,48.38,44.72,6.44,rice
90.77,34.44,39.54,6.94,jute
22.16,23.47,46.14,6.03,mango
6.18,70.74,8.63,5.62,pigeonpeas
17.82,81.74,37.06,5.97,kidneybeans
70.6,60.64,21.71,7.34,blackgram
44.22,84.27,13.35,6.59,blackgram
73.88,86.1,57.66,5.24,banana
10.34,58.35,30.38,6.78,lentil
25.71,73.58,0.0,4.96,kidneybeans
115.09,93.27,62.1,6.31,banana
18.56,125.8,200.39,5.91,grapes
4.33,74.29,13.08,4.99,pigeonpeas
22.66,76.63,19.66,6.35,lentil
10.1,16.29,24.02,5.66,pomegranate
123.32,44.1,28.52,7.11,cotton
29.16,69.03,72.71,7.51,chickpea
69.67,51.34,19.82,6.32,maize
6.51,123.15,178.44,5.97,apple
48.74,78.21,39.66,7.39,blackgram
23.25,130.75,214.9,6.79,apple
5.06,41.31,19.67,6.04,mango
103.62,89.33,55.43,6.05,banana
7.27,119.49,187.19,7.04,apple
112.51,43.17,12.58,6.17,cotton
86.16,25.29,32.71,6.52,rice
17.57,71.18,11.43,6.12,blackgram
102.32,30.1,62.81,6.22,muskmelon
103.8,51.04,47.45,6.53,watermelon
100.11,31.04,22.61,6.78,coffee
104.32,31.76,48.6,5.84,watermelon
79.27,56.59,30.01,6.48,jute
40.36,76.86,89.74,6.04,chickpea
68.46,61.85,42.53,6.35,jute
15.54,52.53,14.56,7.23,mungbean
35.55,139.81,223.12,5.41,grapes
84.34,32.38,36.58,6.65,jute
16.24,43.88,36.4,7.32,mungbean
29.55,146.86,193.37,6.51,apple
19.67,120.91,208.91,5.45,grapes
22.71,16.18,12.09,6.26,coconut
23.73,61.01,21.38,6.32,mothbeans
84.66,64.11,15.75,5.92,maize
34.9,19.24,11.09,4.88,coconut
37.74,8.64,44.02,6.15,pomegranate
68.23,43.56,28.63,6.64,jute
100.78,67.83,57.98,6.24,banana
17.73,79.2,9.36,4.83,pigeonpeas
33.79,72.22,25.23,6.94,blackgram
73.19,41.79,42.42,6.4,rice
21.29,68.7,6.03,5.21,pigeonpeas
20.59,24.05,23.51,6.23,mango
21.48,13.03,21.28,5.0,pomegranate
0.0,133.02,195.81,6.29,grapes
11.21,148.52,197.11,6.97,apple
45.72,67.68,11.55,6.41,blackgram
14.4,12.34,0.0,6.65,orange
67.59,44.38,36.11,6.22,maize
109.51,22.24,32.25,6.07,coffee
96.2,5.16,49.49,6.4,muskmelon
14.5,48.22,17.29,6.08,kidneybeans
35.0,139.0,183.49,5.71,grapes
22.24,55.83,17.91,5.62,pigeonpeas
106.61,20.84,30.36,6.5,coffee
27.84,13.66,17.48,6.9,orange
82.35,73.57,54.51,6.13,banana
19.47,36.09,12.4,6.12,mango
14.45,136.29,205.09,6.71,grapes
19.07,67.44,20.02,6.86,lentil
